ID,작업,판정,처리 결과,확인 대기
F001,E08,개선 반영,화면에서 사용하지 않던 사례 본문을 삭제하고 원문 연결·개인차 설명을 도입 한 곳에 유지했다.,
F002,E08,개선 반영,"국가검진과 제출용 검진을 도입에서 구분하고, 서식·봉인 항목은 제출용 진행 순서로 명시했다.",
F003,E01,개선 반영,준비물·검사 범위·발급기간을 본문과 FAQ에 직접 제시하고 제출 목적과 예약 조건을 구분했다.,
F004,E01,부분 개선·확인 대기,일반검진 당일 접수와 내시경 예약 구분은 반영. 당일 동시 시행 조합·조건은 본원 확정 필요.,C05
F005,E01,개선 반영,준비물·검사 범위·발급기간을 본문과 FAQ에 직접 제시하고 제출 목적과 예약 조건을 구분했다.,
F006,E01,개선 반영,준비물·검사 범위·발급기간을 본문과 FAQ에 직접 제시하고 제출 목적과 예약 조건을 구분했다.,
F007,E01,개선 반영,준비물·검사 범위·발급기간을 본문과 FAQ에 직접 제시하고 제출 목적과 예약 조건을 구분했다.,
F008,E01,부분 개선·확인 대기,여권 영문 이름 기준과 양식 준비는 직접 답변. 마약검사 영문서류의 동일 일자 발급 가능 범위는 미확정.,C04
F009,E01,개선 반영,준비물·검사 범위·발급기간을 본문과 FAQ에 직접 제시하고 제출 목적과 예약 조건을 구분했다.,
F010,E01,개선 반영,준비물·검사 범위·발급기간을 본문과 FAQ에 직접 제시하고 제출 목적과 예약 조건을 구분했다.,
F011,E01,개선 반영,준비물·검사 범위·발급기간을 본문과 FAQ에 직접 제시하고 제출 목적과 예약 조건을 구분했다.,
F012,E01,개선 반영,준비물·검사 범위·발급기간을 본문과 FAQ에 직접 제시하고 제출 목적과 예약 조건을 구분했다.,
F013,E01,개선 반영,준비물·검사 범위·발급기간을 본문과 FAQ에 직접 제시하고 제출 목적과 예약 조건을 구분했다.,
F014,E01,개선 반영,준비물·검사 범위·발급기간을 본문과 FAQ에 직접 제시하고 제출 목적과 예약 조건을 구분했다.,
F015,E01,개선 반영,준비물·검사 범위·발급기간을 본문과 FAQ에 직접 제시하고 제출 목적과 예약 조건을 구분했다.,
F016,E01,개선 반영,준비물·검사 범위·발급기간을 본문과 FAQ에 직접 제시하고 제출 목적과 예약 조건을 구분했다.,
F017,E01,개선 반영,준비물·검사 범위·발급기간을 본문과 FAQ에 직접 제시하고 제출 목적과 예약 조건을 구분했다.,
F018,E01,개선 반영,준비물·검사 범위·발급기간을 본문과 FAQ에 직접 제시하고 제출 목적과 예약 조건을 구분했다.,
F019,E09,개선 반영,한국어와 번역문 수치·준비물을 대조하고 언어 오류 책임을 독자에게 넘기는 문장을 제거했다.,
F020,E06,개선 반영,진료 목적에 맞는 설명을 앞에 배치하고 환자 동기를 평가하는 문장과 중복 경고를 정리했다.,
F021,E06,개선 반영,진료 목적에 맞는 설명을 앞에 배치하고 환자 동기를 평가하는 문장과 중복 경고를 정리했다.,
F022,E06,개선 반영,진료 목적에 맞는 설명을 앞에 배치하고 환자 동기를 평가하는 문장과 중복 경고를 정리했다.,
F023,E06,개선 반영,진료 목적에 맞는 설명을 앞에 배치하고 환자 동기를 평가하는 문장과 중복 경고를 정리했다.,
F024,E06,개선 반영,진료 목적에 맞는 설명을 앞에 배치하고 환자 동기를 평가하는 문장과 중복 경고를 정리했다.,
F025,E06,개선 반영,진료 목적에 맞는 설명을 앞에 배치하고 환자 동기를 평가하는 문장과 중복 경고를 정리했다.,
F026,E02,개선 반영,검사 고유 목적·준비·결과 의미를 설명하고 공통 상담 지시·중복을 정리했다.,
F027,E08,개선 반영,허브의 선택 기준과 링크 목적을 설명하고 공통 하단·사례 제목의 중복을 정리했다.,
F028,E02,개선 반영,검사 고유 목적·준비·결과 의미를 설명하고 공통 상담 지시·중복을 정리했다.,
F029,E07,부분 개선·확인 대기,비용 구성과 검진별 실제 발급기간 표를 추가. 현재 유효한 비용표/직접 고지 주소는 확보되지 않음.,C08
F030,E03,개선 반영,음식·물·정결제·진정 귀가·시술 범위의 조건별 안내로 편집했다.,
F031,E03,개선 반영,음식·물·정결제·진정 귀가·시술 범위의 조건별 안내로 편집했다.,
F032,E03,부분 개선·확인 대기,음식·물·약·진정 귀가 설명은 보완. 개인별 오전/오후 시각표를 생성할 본원 확정 일정은 없음.,C01
F033,E03,개선 반영,음식·물·정결제·진정 귀가·시술 범위의 조건별 안내로 편집했다.,
F034,E03,개선 반영,음식·물·정결제·진정 귀가·시술 범위의 조건별 안내로 편집했다.,
F035,E02,개선 반영,검사 고유 목적·준비·결과 의미를 설명하고 공통 상담 지시·중복을 정리했다.,
F036,E02,개선 반영,검사 고유 목적·준비·결과 의미를 설명하고 공통 상담 지시·중복을 정리했다.,
F037,E02,개선 반영,정상 심전도에서 간헐적 부정맥을 놓칠 수 있다는 답을 도입에 올리고 기록 문단을 뒤로 옮겼다.,
F038,E08,개선 반영,허브의 선택 기준과 링크 목적을 설명하고 공통 하단·사례 제목의 중복을 정리했다.,
F039,E02,개선 반영,스마트워치 본문 문답을 제거하고 시간·심박수·원본 파형과 자동판정 한계를 FAQ 한 곳에 정리했다.,
F040,E06,개선 반영,진료 목적에 맞는 설명을 앞에 배치하고 환자 동기를 평가하는 문장과 중복 경고를 정리했다.,
F041,E06,개선 반영,진료 목적에 맞는 설명을 앞에 배치하고 환자 동기를 평가하는 문장과 중복 경고를 정리했다.,
F042,E06,개선 반영,진료 목적에 맞는 설명을 앞에 배치하고 환자 동기를 평가하는 문장과 중복 경고를 정리했다.,
F043,E03,개선 반영,음식·물·정결제·진정 귀가·시술 범위의 조건별 안내로 편집했다.,
F044,E03,개선 반영,음식·물·정결제·진정 귀가·시술 범위의 조건별 안내로 편집했다.,
F045,E03,개선 반영,음식·물·정결제·진정 귀가·시술 범위의 조건별 안내로 편집했다.,
F046,E03,개선 반영,음식·물·정결제·진정 귀가·시술 범위의 조건별 안내로 편집했다.,
F047,E03,개선 반영,음식·물·정결제·진정 귀가·시술 범위의 조건별 안내로 편집했다.,
F048,E03,개선 반영,음식·물·정결제·진정 귀가·시술 범위의 조건별 안내로 편집했다.,
F049,E02,개선 반영,검사 고유 목적·준비·결과 의미를 설명하고 공통 상담 지시·중복을 정리했다.,
F050,E02,개선 반영,검사 고유 목적·준비·결과 의미를 설명하고 공통 상담 지시·중복을 정리했다.,
F051,E02,개선 반영,검사 고유 목적·준비·결과 의미를 설명하고 공통 상담 지시·중복을 정리했다.,
F052,E02,개선 반영,검사 고유 목적·준비·결과 의미를 설명하고 공통 상담 지시·중복을 정리했다.,
F053,E02,개선 반영,검사 고유 목적·준비·결과 의미를 설명하고 공통 상담 지시·중복을 정리했다.,
F054,E02,개선 반영,검사 고유 목적·준비·결과 의미를 설명하고 공통 상담 지시·중복을 정리했다.,
F055,E02,개선 반영,검사 고유 목적·준비·결과 의미를 설명하고 공통 상담 지시·중복을 정리했다.,
F056,E02,개선 반영,검사 고유 목적·준비·결과 의미를 설명하고 공통 상담 지시·중복을 정리했다.,
F057,E02,개선 반영,검사 고유 목적·준비·결과 의미를 설명하고 공통 상담 지시·중복을 정리했다.,
F058,E02,개선 반영,검사 고유 목적·준비·결과 의미를 설명하고 공통 상담 지시·중복을 정리했다.,
F059,E02,개선 반영,검사 고유 목적·준비·결과 의미를 설명하고 공통 상담 지시·중복을 정리했다.,
F060,E02,개선 반영,검사 고유 목적·준비·결과 의미를 설명하고 공통 상담 지시·중복을 정리했다.,
F061,E02,개선 반영,검사 고유 목적·준비·결과 의미를 설명하고 공통 상담 지시·중복을 정리했다.,
F062,E02,개선 반영,검사 고유 목적·준비·결과 의미를 설명하고 공통 상담 지시·중복을 정리했다.,
F063,E02,개선 반영,검사 고유 목적·준비·결과 의미를 설명하고 공통 상담 지시·중복을 정리했다.,
F064,E02,개선 반영,검사 고유 목적·준비·결과 의미를 설명하고 공통 상담 지시·중복을 정리했다.,
F065,E02,개선 반영,검사 고유 목적·준비·결과 의미를 설명하고 공통 상담 지시·중복을 정리했다.,
F066,E02,개선 반영,검사 고유 목적·준비·결과 의미를 설명하고 공통 상담 지시·중복을 정리했다.,
F067,E02,개선 반영,검사 고유 목적·준비·결과 의미를 설명하고 공통 상담 지시·중복을 정리했다.,
F068,E02,개선 반영,검사 고유 목적·준비·결과 의미를 설명하고 공통 상담 지시·중복을 정리했다.,
F069,E02,개선 반영,검사 고유 목적·준비·결과 의미를 설명하고 공통 상담 지시·중복을 정리했다.,
F070,E02,개선 반영,검사 고유 목적·준비·결과 의미를 설명하고 공통 상담 지시·중복을 정리했다.,
F071,E02,개선 반영,검사 고유 목적·준비·결과 의미를 설명하고 공통 상담 지시·중복을 정리했다.,
F072,E02,개선 반영,검사 고유 목적·준비·결과 의미를 설명하고 공통 상담 지시·중복을 정리했다.,
F073,E02,개선 반영,검사 고유 목적·준비·결과 의미를 설명하고 공통 상담 지시·중복을 정리했다.,
F074,E07,개선 반영,실제 위치·시간·발급정보·의료진 정보를 우선하고 추가 문의 조건을 좁혔다.,
F075,E07,개선 반영,실제 위치·시간·발급정보·의료진 정보를 우선하고 추가 문의 조건을 좁혔다.,
F076,E02,부분 개선·확인 대기,확정된 결과시간을 유지하고 서류 FAQ에 활용. HbA1c·DOA·UBT·병리검사의 정확한 본원 결과시간은 미확정.,C04
F077,E01,개선 반영,준비물·검사 범위·발급기간을 본문과 FAQ에 직접 제시하고 제출 목적과 예약 조건을 구분했다.,
F078,E06,개선 반영,진료 목적에 맞는 설명을 앞에 배치하고 환자 동기를 평가하는 문장과 중복 경고를 정리했다.,
F079,E06,개선 반영,진료 목적에 맞는 설명을 앞에 배치하고 환자 동기를 평가하는 문장과 중복 경고를 정리했다.,
F080,E06,개선 반영,진료 목적에 맞는 설명을 앞에 배치하고 환자 동기를 평가하는 문장과 중복 경고를 정리했다.,
F081,E10,개선 반영,공식 대상·기간을 요약에 반영하고 기준일 통계와 환자 행동을 분리해 설명했다.,
F082,E10,개선 반영,공식 대상·기간을 요약에 반영하고 기준일 통계와 환자 행동을 분리해 설명했다.,
F083,E10,개선 반영,대상포진 백신 질문임을 제목에 명시하고 대상포진 설명 바로 뒤로 이동했다.,
F084,E10,개선 반영,공식 대상·기간을 요약에 반영하고 기준일 통계와 환자 행동을 분리해 설명했다.,
F085,E06,개선 반영,진료 목적에 맞는 설명을 앞에 배치하고 환자 동기를 평가하는 문장과 중복 경고를 정리했다.,
F086,E06,개선 반영,진료 목적에 맞는 설명을 앞에 배치하고 환자 동기를 평가하는 문장과 중복 경고를 정리했다.,
F087,E06,개선 반영,진료 목적에 맞는 설명을 앞에 배치하고 환자 동기를 평가하는 문장과 중복 경고를 정리했다.,
F088,E06,개선 반영,국내 2026-01-14 제품설명서로 5일 복용·누락 시 대처·신장기능에 따른 횟수와 용량 차이를 보완했다.,
F089,E03,개선 반영,국내 플렌뷰 제품설명서의 각 500mL 용액·추가 물·회차와 완료 간격을 설명하고 본원 예약 시각은 분리했다.,
F090,E03,부분 개선·확인 대기,시술별 물·식사·활동·위험 신호를 구분하고 요약의 과도한 시간 약속 제거. 사용자가 원본 시간표를 공통 지침으로 확대하지 말라고 지시.,C02
F091,E06,개선 반영,무증상 승모판 역류에 한정한 BSE 2024 참고 간격과 예외를 추가했다. 의료 검토는 별도 대기다.,
F092,E06,개선 반영,진료 목적에 맞는 설명을 앞에 배치하고 환자 동기를 평가하는 문장과 중복 경고를 정리했다.,
F093,E06,개선 반영,진료 목적에 맞는 설명을 앞에 배치하고 환자 동기를 평가하는 문장과 중복 경고를 정리했다.,
F094,E06,개선 반영,진료 목적에 맞는 설명을 앞에 배치하고 환자 동기를 평가하는 문장과 중복 경고를 정리했다.,
F095,E06,개선 반영,가족력에 따른 검진·유전상담의 방향을 암종별 표로 설명했다. 본원 개별 검진 나이·주기를 새로 확정하지 않았다.,
F096,E06,개선 반영,진료 목적에 맞는 설명을 앞에 배치하고 환자 동기를 평가하는 문장과 중복 경고를 정리했다.,
F097,E06,개선 반영,진료 목적에 맞는 설명을 앞에 배치하고 환자 동기를 평가하는 문장과 중복 경고를 정리했다.,
F098,E06,개선 반영,두 약의 성분·기전·체중관리 허가 대상과 평가·추적 내용을 함께 설명했다. 재고/처방 가능 여부는 확정하지 않았다.,
F099,E09,부분 개선·확인 대기,"5개 언어의 독자 책임 경고 제거, 병원 전화와 1345 다국어 절차 안내 연결. 실제 본원 지원 언어와 전문 언어 감수는 미확인.",C11
F100,E08,개선 반영,허브의 선택 기준과 링크 목적을 설명하고 공통 하단·사례 제목의 중복을 정리했다.,
F101,E05,개선 반영,질환별 약·검사·생활관리와 결론을 편집하고 무관한 공통 의뢰 문단을 제거했다.,
F102,E05,개선 반영,질환별 약·검사·생활관리와 결론을 편집하고 무관한 공통 의뢰 문단을 제거했다.,
F103,E05,개선 반영,질환별 약·검사·생활관리와 결론을 편집하고 무관한 공통 의뢰 문단을 제거했다.,
F104,E05,개선 반영,질환별 약·검사·생활관리와 결론을 편집하고 무관한 공통 의뢰 문단을 제거했다.,
F105,E05,개선 반영,심박 조절약과 항응고제의 목적 및 지속·조정 판단을 구분했다.,
F106,E05,개선 반영,현재 응급 증상과 가족력·기능저하에 따른 정밀평가 배경을 다른 항목에 배치했다.,
F107,E05,개선 반영,전체 박동 중 PVC 비율을 계산 예로 정의했다. 10%를 치료 기준으로 제시하지 않았다.,
F108,E05,개선 반영,무증상 승모판 역류의 정도별 참고 간격을 실제 수치와 적용 조건으로 제시했다.,
F109,E05,개선 반영,질환별 약·검사·생활관리와 결론을 편집하고 무관한 공통 의뢰 문단을 제거했다.,
F110,E05,개선 반영,FAST 약어를 얼굴·팔·말 이상과 즉시119 행동으로 풀었다.,
F111,E02,개선 반영,검사 고유 목적·준비·결과 의미를 설명하고 공통 상담 지시·중복을 정리했다.,
F112,E02,개선 반영,CART BP pro 제조사 자료로 센서 방향·같은 손가락 유지·물/고온 노출과 이상 시 연락 안내를 추가했다. 본원 반납 절차는 C03 대기다.,
F113,E04,개선 반영,증상별 원인·검사 역할·다음 행동을 개별화하고 현재 응급 신호를 우선했다.,
F114,E04,개선 반영,증상별 원인·검사 역할·다음 행동을 개별화하고 현재 응급 신호를 우선했다.,
F115,E04,개선 반영,증상별 원인·검사 역할·다음 행동을 개별화하고 현재 응급 신호를 우선했다.,
F116,E04,개선 반영,증상별 원인·검사 역할·다음 행동을 개별화하고 현재 응급 신호를 우선했다.,
F117,E04,개선 반영,증상별 원인·검사 역할·다음 행동을 개별화하고 현재 응급 신호를 우선했다.,
F118,E04,개선 반영,증상별 원인·검사 역할·다음 행동을 개별화하고 현재 응급 신호를 우선했다.,
F119,E04,개선 반영,증상별 원인·검사 역할·다음 행동을 개별화하고 현재 응급 신호를 우선했다.,
F120,E04,개선 반영,증상별 원인·검사 역할·다음 행동을 개별화하고 현재 응급 신호를 우선했다.,
F121,E04,개선 반영,증상별 원인·검사 역할·다음 행동을 개별화하고 현재 응급 신호를 우선했다.,
F122,E04,개선 반영,증상별 원인·검사 역할·다음 행동을 개별화하고 현재 응급 신호를 우선했다.,
F123,E04,개선 반영,"승모판 역류의 무증상 참고 범위, 새 증상과 기능 변화 시 조기 진료 조건을 함께 제시했다.",
F124,E04,개선 반영,증상별 원인·검사 역할·다음 행동을 개별화하고 현재 응급 신호를 우선했다.,
F125,E04,개선 반영,증상별 원인·검사 역할·다음 행동을 개별화하고 현재 응급 신호를 우선했다.,
F126,E08,개선 반영,허브의 선택 기준과 링크 목적을 설명하고 공통 하단·사례 제목의 중복을 정리했다.,
F127,E10,개선 반영,공식 대상·기간을 요약에 반영하고 기준일 통계와 환자 행동을 분리해 설명했다.,
F128,E10,개선 반영,PDF 1쪽을 시각·텍스트 대조해 수두283·A형간염27·해외유입뎅기열9와 잠정통계 기준일을 해설했다.,
F129,E11,기존 해결 유지,기존 해결 유지: 안내도 캡션은 주제명이며 대표 배너에는 설명용 삽화 문구나 확대 기능이 없다.,
F130,E11,부분 개선·확인 대기,원본의 핵심 단계에 맞춰 HTML 6/6/6/5 단계로 보완. 시술 후 원본 시간표의 적용 범위는 확정하지 않음.,"C01,C02"
F131,E11,개선 반영,제공 이미지의 핵심 항목을 환자가 읽을 수 있는 HTML에 대응시켰다.,
F132,E07,부분 개선·확인 대기,건물 지하주차장 위치는 직접 제공. 무료 지원 시간·등록 방법·초과요금은 임의 확정하지 않음.,C06
F133,E08,개선 반영,25개 원문 URL·순서를 유지하면서 12개 제목의 중복 접미어·구두점을 정리했다.,
F134,E08,개선 반영,전역 푸터의 중복 건강정보 문장을 제거하고 원장 요청 ArticleFooter 안전·예약·서류·이용 안내를 유지했다.,
F135,E07,개선 반영,망포역3번출구·도보약2분·포레스퀘어6층609호와 실제 네이버 길찾기를 연결하고 불필요한 도식 해명을 제거했다.,
F136,E07,개선 반영,방문 안내 끝의 중복 확인 목록을 삭제하고 확정된 예약 원칙만 유지했다.,
F137,E07,개선 반영,홈페이지 기능 설명 세 문단을 실제 전문의·진료분야·시행 검사 정보로 교체했다.,
F138,E07,부분 개선·확인 대기,문의 체크리스트를 삭제하고 본문에 발급기간·비용 구성을 제공. 현행 비용 고지는 미확보.,C08
F139,E10,개선 반영,게시판 머리말을 주제 선택·지정기관 찾기 안내로 바꾸고 각 공지의 공식 조건을 요약에 제시했다.,
