path,status,indexable,sha256
/,200,False,23074f79626e1de3d9c8476916159b4c41bce54c8c03aae0352f196f2b2dc7be
/404.html,200,False,ba30d4e4a06d096445fcaed37f5fd8f80e7850e3cde1e880d38cffd517cf8a67
/about/,200,False,d9a309a38a862b1ebcc56fbc967f68a42d94a940ec78b949f3f1252a0b1e33a9
/cases/,200,False,fd91ef74d7d7f866f3e082a20855ae21fa22c1bb688821318922ed73d533f491
/checkups/,200,False,c3b8061c272ced6463ffce37effb333327a6d7b94b05d81e024ccdecf4504528
/checkups/cancer-screening/,200,False,5c8caf7bc1c9e6c849265e7e35481eab2e014937455cfd218ad0f4d36bc7ee67
/checkups/drug-screening/,200,False,c8d707827ee9f2302fd4d5701f3b4099201266cc5e908bc06a69cb57f31c22f0
/checkups/employment/,200,False,86d72ac324d906939be49a90dd96201a3fc1d8e9fbbd92321470b5c0c42fb874
/checkups/national/,200,False,46656ead79d1501a5e74bdfc0fb260d073da445c6fd8f405aef724abccd07342
/checkups/tuberculosis/,200,False,0cf9f496d91e7e21d659d2e859814ea100c41bfbb122287765218432b53feec6
/checkups/visa/,200,False,0b27824c2fe602f3f64424f806f7fe5643dad68f9b00c6d5bff772712b6c57c0
/conditions/,200,False,f624f808f8e70ff27d9bf0949f84d3a5e24430d74424aa87c1b84effb9fb2efe
/conditions/acute-care/,200,False,669958f0bf1856a543441d8b4ea0aeddfa82bf21358b89a8759987ca67aed7e9
/conditions/chronic-cough/,200,False,0df2a53d214a711255732fab5169fb679415ed057b7e3f4068aa4c926a3d5bb6
/conditions/heart-disease/,200,False,89b8e87d5ac492a97bf5d082e86f0be9989d9717147ee05625ac6fdca99fc33f
/doctors/,200,False,618570e2e7a0265d7fb81ee4724ada9db6b3c134f43d0b302696d913db0b4bf8
/doctors/park-jongseol/,200,False,898f56dbe6cfdfc324efa155dd8e7d5789f2bbe5b919ec7722a25e16fe51cfb1
/doctors/park-rayoung/,200,False,117b4bf63813bde27654d3df465702bd023f8634a0cd2d32e4994150d7053355
/fees/,200,False,7c467a1e114e28fb4ad7c20629b282b92fe5bab2ac3fe53269858a9bb0d7836c
/health/,200,False,9c7b2ce570400f8a716709f435fb43395741761b8a006b1e415499b8fe4a9452
/health/checkup-preparation-checklist/,200,False,1130fd7b41cce3cd5760a4011410c46ecc02ca1696f8c0d6acb3aa643b01bd04
/health/colonoscopy-preparation-questions/,200,False,9d88c2e9776cc06129b711b03f3a228c5c2514663227e498330041f5c2924b3f
/health/heart-test-differences/,200,False,5b1f3be07121806ad3c7fe31ffaed7314f31ef5a3d6a262ec8e268f0ba22dbca
/health/palpitations-test-followup/,200,False,fb9bfb8cc55ff5772e8f5dc32280a658855a3a0d7d433418b3d139fbd0a50c1d
/notices/,200,False,d27708f8dc67431f9d20b4c42099b756981c71d742deca4f82775488bca1aba8
/privacy/,200,False,6740b2663a121c03b6d0978c4253b26685892a0c0c518c09b7e57cbc4f8aafc3
/search/,200,False,6bfa7208b15017fc0cfccf7b4cd7cf1f7b4e8c9fd0f5a80053749b15bf746c86
/services/,200,False,e31b41efc3f95b4482ae66571c84c0d8f15f937b976817c7d3b266d7d5745e19
/services/cancer-support/,200,False,f523acf7ba8b0c749023da85efe7aeb4e63646eecf9fbade8c427b0fbd17ff9e
/services/endoscopy/,200,False,377fc078268ff168d8be44dda58ed62ff68498c648e3377ffcdc4f27416b55f1
/services/endoscopy/colonoscopy/,200,False,62a64f6a9839f1651e8d234dc1cd35bf9889ef2fc3aa581a543ccf4b436b3d43
/services/endoscopy/gastroscopy/,200,False,44517f0ad64ee59117ac1dfe61430146457ac6c955cdc08efe2a4004f156b866
/services/heart/,200,False,2f2baaa476f02d4613a353cae2ed22d38ebb914a32ffc76bbf3cf11b1d8a316e
/services/heart/arterial-assessment/,200,False,513b5a7e587db11d5407ec5f04526181f729dba70ee03a40bd19c4e09d998912
/services/heart/cardiac-markers/,200,False,22ecceec292e33da19b080c60fc9d2c36dfcdcbfdc49387420e04f37ab73752e
/services/heart/carotid-ultrasound/,200,False,29391c0461f2351f7b04f1bd719296062015dfc90b8506946ccc1947c491fb06
/services/heart/echocardiography/,200,False,855430a9a94765330414214185a2091e0d1c42d5a03007c259c50b4de5270759
/services/heart/heart-rate-variability/,200,False,53c2279cbf3b0182bf081d35175b3eb27d32b820ce5ac3ba88dea4f2d42b204a
/services/heart/holter/,200,False,8fe069ac0bd69aaa8722a08be997b950845446efe45779973041763177abaf5f
/services/ultrasound/,200,False,43520e7342b5b0fdac931c0f65154edf97b8681002f89e51a393bc52ecbc328c
/services/ultrasound/abdomen/,200,False,e668bf04afa9e00e2b1c0fb3792e01d908fc067eda748d76e67c5f0439b91788
/services/ultrasound/bowel/,200,False,3f7ee8f668eb240f9181979166302b9214862f0bc387cb17d2b85d32e6f1bc26
/services/ultrasound/thyroid/,200,False,35762944afedd45c5f1c25bf63181710633742995994db55da1eff7af8ccd16b
/sitemap/,200,False,7b64e0093e49f7a6550cf5fd473bbdd833398c74c2b1a1ab13f1e1fc0e13a016
/visit/,200,False,889363fbc6e9ddd3a30f9d39d90ee10bc6777caec59e7c4ea1aadd352b1fc737
