work_id,source_id,source_url,disposition,cluster,proposed_question,primary_page_id,related_page_ids,answer_scope,fact_ids,frequency_status,publication_status
Q01,C0000560798,https://mobile.hidoc.co.kr/healthqna/view/C0000560798,question_candidate,echo,심장초음파로 무엇을 확인하고 어떤 판단은 다른 평가가 필요한가요?,echocardiography,heart-disease;heart-test-differences,검사 유형과 평가 범위 및 한계를 근거로 설명하고 개인 결과의 질환 배제를 단정하지 않는다,F07;F06,F0_unmeasured,draft_required
Q02,C0000696382,https://mobile.hidoc.co.kr/healthqna/view/C0000696382,question_candidate,echo,심전도와 심장초음파 결과가 다르면 무엇을 확인해야 하나요?,heart-test-differences,echocardiography;heart-disease,검사 목적과 관찰 대상의 차이 및 이전 결과를 상담 때 함께 보는 이유를 설명한다,F07;F08,F0_unmeasured,draft_required
Q03,C0000558942,https://mobile.hidoc.co.kr/healthqna/view/C0000558942,question_candidate,holter,홀터검사 후에도 두근거림이 계속되면 진료 때 무엇을 알려야 하나요?,palpitations-followup,holter;heart-disease,증상 포착 여부와 기록할 정보를 설명하고 의료진이 검토한 긴급 상황 안내를 연결한다,F08;F15,F0_unmeasured,draft_required
Q04,C0000422642,https://mobile.hidoc.co.kr/healthqna/view/C0000422642,question_candidate,holter,간헐적으로 나타나는 두근거림은 검사 선택과 어떤 관계가 있나요?,heart-test-differences,holter;palpitations-followup,검사의 기록 방식과 진료 시 고려할 정보를 비교하되 특정 검사를 자가 선택하도록 단정하지 않는다,F07;F08,F0_unmeasured,draft_required
Q05,C0000878970,https://mobile.hidoc.co.kr/healthqna/view/C0000878970,question_candidate,holter,영통탑내과 홀터검사 결과는 어떤 자료와 함께 설명받나요?,holter,palpitations-followup;visit,실제 장비 기록 기간과 반납 및 결과 상담 절차를 확인해 증상 일지와 연결한다,F08;F03,F0_unmeasured,draft_required
Q06,C0000605007,https://mobile.hidoc.co.kr/healthqna/view/C0000605007,question_candidate,colonoscopy-prep,대장내시경 준비에서 식사 조절과 금식 안내는 어떻게 구분하나요?,colonoscopy-preparation,colonoscopy;endoscopy,준비 단계의 목적과 개인 예약 안내서 확인 순서를 설명한다,F09;F10,F0_unmeasured,draft_required
Q07,C0000998201,https://mobile.hidoc.co.kr/healthqna/view/C0000998201,question_candidate,colonoscopy-prep,오전 대장내시경을 예약했다면 준비 시각은 어디에서 확인하나요?,colonoscopy-preparation,colonoscopy;visit,병원의 검사 시각별 안내서와 예약 변경 시 재확인 절차를 제시한다,F09;F10;F03,F0_unmeasured,draft_required
Q08,C0000985651,https://mobile.hidoc.co.kr/healthqna/view/C0000985651,question_candidate,colonoscopy-prep,대장내시경 준비 중 물 섭취 안내는 어떻게 확인하나요?,colonoscopy-preparation,colonoscopy,정결제 복용에 필요한 물과 검사 직전 섭취 지침을 구분해 실제 병원 안내를 확인한다,F10,F0_unmeasured,draft_required
Q09,C0000998200,https://mobile.hidoc.co.kr/healthqna/view/C0000998200,question_candidate,colonoscopy-prep,대장내시경 전날 식사는 어떤 기준으로 준비하나요?,colonoscopy-preparation,colonoscopy,병원이 승인한 음식 예시와 적용 기간을 확인한 뒤 예약 안내서와 같은 기준으로 설명한다,F10,F0_unmeasured,draft_required
Q10,C0000998196,https://mobile.hidoc.co.kr/healthqna/view/C0000998196,question_candidate,colonoscopy-prep,대장내시경 준비 중 커피 등 음료는 무엇을 확인해야 하나요?,colonoscopy-preparation,checkup-preparation;colonoscopy,음료 종류와 검사 단계의 조건을 구분하고 일괄 허용 또는 금지 시각을 추정하지 않는다,F10,F0_unmeasured,draft_required
Q11,C0001003913,https://mobile.hidoc.co.kr/healthqna/view/C0001003913,question_candidate,screening-prep,건강검진 항목에 따라 준비와 금식 안내가 달라지는 이유는 무엇인가요?,checkup-preparation,national-checkup;checkups,예약한 검사 조합과 일반 검진 및 내시경의 차이를 설명하고 항목별 지침을 확인한다,F11;F10,F0_unmeasured,draft_required
Q12,C0001003911,https://mobile.hidoc.co.kr/healthqna/view/C0001003911,question_candidate,screening-prep,건강검진 전 커피나 물을 마셨다면 어떤 정보를 병원에 알려야 하나요?,checkup-preparation,national-checkup;visit,섭취 시각과 종류 및 예약 항목을 전달하는 방법을 안내하고 검사 가능 여부를 홈페이지가 확정하지 않는다,F11;F10;F03,F0_unmeasured,draft_required
Q13,C0000984716,https://mobile.hidoc.co.kr/healthqna/view/C0000984716,question_candidate,screening-prep,진정 내시경을 함께 받는다면 준비와 귀가 안내는 어떻게 확인하나요?,gastroscopy,colonoscopy;checkup-preparation,실제 진정 시행 범위와 병원 금식 및 동행과 귀가 안내를 확인해 일반 검진과 구분한다,F09;F10,F0_unmeasured,draft_required
X01,C0000636160,https://mobile.hidoc.co.kr/healthqna/view/C0000636160,excluded_answer_overgeneralization,holter,,,,제한된 개인 검사 정보로 다른 질환을 단정적으로 배제한 답변은 근거로 채택하지 않는다,,F0_unmeasured,excluded
X02,C0000605008,https://mobile.hidoc.co.kr/healthqna/view/C0000605008,excluded_duplicate,colonoscopy-prep,,,,C0000605007과 관찰된 질문 본문이 중복되어 별도 질문 수와 집필 과제로 세지 않는다,,F0_unmeasured,excluded
X03,e485e726ea584f8faeb2919259aa7dfb,https://doctornow.co.kr/content/qna/e485e726ea584f8faeb2919259aa7dfb,excluded_unidentified_reviewer,colonoscopy-prep,,,,개인 답변자와 자격이 확인되지 않아 의료 답변 근거에서 제외한다,,F0_unmeasured,excluded
X04,177b79d10d674a7c96330cd2664efab6,https://doctornow.co.kr/content/qna/177b79d10d674a7c96330cd2664efab6,excluded_ai_answer,colonoscopy-prep,,,,AI 답변을 의료진 검토 자료 또는 병원 임상 근거로 채택하지 않는다,,F0_unmeasured,excluded
X05,7884568e2a0d47d28196cbcc3a2bf982,https://doctornow.co.kr/content/qna/7884568e2a0d47d28196cbcc3a2bf982,excluded_no_answer,colonoscopy-prep,,,,답변 부재 항목을 검증된 의료 Q&A로 집계하지 않는다,,F0_unmeasured,excluded
