검토 ID,작업,우선순위,상태,경로·공통범위,현재 문제,수정 작업,확인 항목,완료 기준,원문 위치
F001,E08,P2,계획됨·미착수,/cases/,사례의 개인차를 도입과 본문에서 연속 고지한다. 원문 연결과 개인차 안내 자체는 필요하다.,원문으로 이동한다는 설명과 개인차 안내를 한 번으로 합친다.,,관련 링크 앞·본문·푸터의 의미 중복을 정리하고 요청된 안전·예약·이용 안내 및 사례 원문 연결을 보존한다.,content/pages.json:/3/description; content/pages.json:/3/intro; content/pages.json:/3/blocks/0/text
F002,E08,P1,계획됨·미착수,/checkups/,건강검진과 제출 서류를 모두 다루는 허브인데 일반 진행 순서가 양식·봉인·사진 등 제출용 검진에 치우쳐 있다.,진행 순서의 대상을 제출용 검진으로 명시하고 국가검진 동선과 구별한다.,,관련 링크 앞·본문·푸터의 의미 중복을 정리하고 요청된 안전·예약·이용 안내 및 사례 원문 연결을 보존한다.,content/pages.json:/4/description; content/pages.json:/4/intro; content/pages.json:/4/blocks/0/text; content/pages.json:/4/blocks/1/heading; content/pages.json:/4/blocks/1/steps/0; content/pages.json:/4/blocks/1/steps/6
F003,E01,P1,계획됨·미착수,/checkups/cancer-screening/,모든 암을 확인하느냐는 질문에 본원 5대 국가암검진 범위를 답하지 않고 항목 확인과 상담으로 끝난다. 같은 페이지에 범위가 있다.,"아니요라는 직접 답과 위·대장·간·유방·자궁경부 검진 범위, 검진의 한계를 먼저 설명한다.",,준비물·검사 범위·발급기간을 첫 답변에서 읽을 수 있고 제출처별 조건만 예외로 분리된다.,content/pages.json:/5/questions/0/answer
F004,E01,P2,계획됨·미착수,/checkups/cancer-screening/,동시 검진 가능 여부에 대한 운영 정보가 없어 문의 방법만 제공한다. 가능하다고 임의로 바꿀 수는 없다.,"동시 검진 가능 항목·예약 조건을 병원에 확인해 답변하고, 확인 전에는 불확실한 대상을 구체적으로 한정한다.",C05,준비물·검사 범위·발급기간을 첫 답변에서 읽을 수 있고 제출처별 조건만 예외로 분리된다.,content/pages.json:/5/questions/1/answer
F005,E01,P1,계획됨·미착수,/checkups/drug-screening/,검사·서류 안내가 아니라 환자가 무엇을 문의해야 하는지를 여러 문단으로 나열한다. 실제 시행하는 6종은 뒤에 묻혀 있다.,"시행 항목, 준비물, 결과·발급 예상 시간을 앞에 배치하고 제출기관별 차이만 뒤에 보완한다.",C04,준비물·검사 범위·발급기간을 첫 답변에서 읽을 수 있고 제출처별 조건만 예외로 분리된다.,content/pages.json:/6/intro; content/pages.json:/6/blocks/0/text; content/pages.json:/6/blocks/1/text; content/pages.json:/6/blocks/2/text; content/pages.json:/6/blocks/3/text
F006,E01,P1,계획됨·미착수,/checkups/drug-screening/,가정하지 마세요·대신 확인할 수는 없습니다·임의 표기로 접수하지 않도록 주의하세요 등 독자의 오판을 훈계하지만 실제 기준이 부족하다.,"제출기한과 검사별 소요시간, 공식 신분서류의 영문명 등 확인 가능한 기준을 설명하고 예외만 안내한다.",C04,준비물·검사 범위·발급기간을 첫 답변에서 읽을 수 있고 제출처별 조건만 예외로 분리된다.,content/pages.json:/6/blocks/2/text; content/pages.json:/6/blocks/3/text; content/pages.json:/6/questions/1/answer
F007,E01,P1,계획됨·미착수,/checkups/drug-screening/,현재 공식 서식이라는 표현의 대상이 없다. 일반 마약검사 페이지에서 특정 공무원 서식을 모든 제출처에 적용하는 것으로 읽힐 수 있다.,해당 서식의 기관·대상·시행일을 바로 밝혀 일반 검사 항목과 제도상 의무를 구별한다.,C05,준비물·검사 범위·발급기간을 첫 답변에서 읽을 수 있고 제출처별 조건만 예외로 분리된다.,content/pages.json:/6/blocks/4/text
F008,E01,P1,계획됨·미착수,/checkups/drug-screening/,영문 이름 기준과 당일 발급 질문의 답이 반복적으로 문의로 끝난다. 질문도 무엇을 기준으로 문의하나요처럼 문의 행위 중심이다.,이름 표기 기준과 검사별 예상 발급일을 확인해 직접 답한다. 운영 정보가 없으면 확보 과제로 기록한다.,C04,준비물·검사 범위·발급기간을 첫 답변에서 읽을 수 있고 제출처별 조건만 예외로 분리된다.,content/pages.json:/6/questions/1/question; content/pages.json:/6/questions/1/answer; content/pages.json:/6/questions/2/question; content/pages.json:/6/questions/2/answer
F009,E01,P1,계획됨·미착수,/checkups/employment/,채용검진의 준비와 발급기간이 아니라 미리 문의하는 방법을 안내한다는 소개문이다. 본문에는 준비물과 통상 발급기간이 있다.,본문의 준비물·금식 조건·발급기간을 짧게 요약해 페이지의 실질적 답을 제시한다.,,준비물·검사 범위·발급기간을 첫 답변에서 읽을 수 있고 제출처별 조건만 예외로 분리된다.,content/pages.json:/7/intro
F010,E01,P1,계획됨·미착수,/checkups/employment/,FAQ가 본문에 있는 기본서식 가능 여부·통상 1일/2~3일·공복검사 금식 조건을 답하지 않고 재문의로 돌린다.,동일 페이지의 조건부 사실을 답변에 반영하고 회사별 추가 요구만 예외로 설명한다.,,준비물·검사 범위·발급기간을 첫 답변에서 읽을 수 있고 제출처별 조건만 예외로 분리된다.,content/pages.json:/7/questions/0/answer; content/pages.json:/7/questions/1/answer; content/pages.json:/7/questions/2/answer
F011,E01,P1,계획됨·미착수,/checkups/national/,도입은 국가검진을 예약하라고 하지만 바로 아래에는 일반검진 당일 접수가 가능하다고 적혀 있다.,일반검진의 당일 접수와 내시경 예약을 도입부터 구분하고 예약 전 확인이라는 소제목도 범위에 맞춘다.,C05,준비물·검사 범위·발급기간을 첫 답변에서 읽을 수 있고 제출처별 조건만 예외로 분리된다.,content/pages.json:/8/intro; content/pages.json:/8/blocks/2/heading; content/pages.json:/8/blocks/2/text
F012,E01,P1,계획됨·미착수,/checkups/national/,대상 확인과 결과 상담이 각각 두 묶음으로 반복돼 기존 문단 위에 새 요구사항을 덧붙인 형태다.,대상·본원 항목·준비·진행·결과의 흐름으로 묶고 구체 정보가 있는 문단을 중심으로 통합한다.,,준비물·검사 범위·발급기간을 첫 답변에서 읽을 수 있고 제출처별 조건만 예외로 분리된다.,content/pages.json:/8/blocks/1/text; content/pages.json:/8/blocks/4/text; content/pages.json:/8/blocks/5/text; content/pages.json:/8/blocks/9/text
F013,E01,P1,계획됨·미착수,/checkups/national/,판단하지 마세요·자동으로 시행한다고 생각하지 마세요·스스로 가능 또는 불가를 결정하지 마세요가 설명을 대신한다.,포함·추가 항목의 차이와 섭취 후 연락이 필요한 이유를 말한다. 금식 위반 시 개별 진행 판단의 필요성은 유지한다.,,준비물·검사 범위·발급기간을 첫 답변에서 읽을 수 있고 제출처별 조건만 예외로 분리된다.,content/pages.json:/8/blocks/1/text; content/pages.json:/8/questions/0/answer; content/pages.json:/8/questions/1/answer
F014,E01,P1,계획됨·미착수,/checkups/national/,이상 표시가 확진인지 묻는데 직접 답 대신 권고 확인·상담을 먼저 요구한다.,이상 표시와 확진의 차이를 먼저 답하고 재검·이전 결과 비교가 필요한 이유를 보완한다.,,준비물·검사 범위·발급기간을 첫 답변에서 읽을 수 있고 제출처별 조건만 예외로 분리된다.,content/pages.json:/8/questions/2/answer
F015,E01,P2,계획됨·미착수,/checkups/national/,국가검진의 여성 준비 문단에 마약류검사 양성 설명이 끼어 있어 해당 페이지 목적에서 벗어난다.,생리와 소변검사·자궁경부검사 내용은 유지하고 마약류 검사 설명은 해당 검사 페이지에 둔다.,,준비물·검사 범위·발급기간을 첫 답변에서 읽을 수 있고 제출처별 조건만 예외로 분리된다.,content/pages.json:/8/blocks/8/text
F016,E01,P1,계획됨·미착수,/checkups/tuberculosis/,기숙사·비자 결핵검진 페이지이지만 첫 질문과 준비물이 외국인 비자만 대상으로 한다.,기숙사 제출과 비자 제출의 준비물·제출기관을 구분한다. 공통 검사 설명은 공유한다.,C05,준비물·검사 범위·발급기간을 첫 답변에서 읽을 수 있고 제출처별 조건만 예외로 분리된다.,content/pages.json:/9/blocks/0/heading; content/pages.json:/9/blocks/1/items/0; content/pages.json:/9/blocks/1/items/2
F017,E01,P1,계획됨·미착수,/checkups/tuberculosis/,"본문의 흉부 X선 1~2시간, IGRA 3~4일 설명을 활용하지 않고 당일 수령 질문을 문의로 돌린다.",검사 종류별 통상 소요시간과 추가검사 등 예외를 답변에 직접 제시한다.,C04,준비물·검사 범위·발급기간을 첫 답변에서 읽을 수 있고 제출처별 조건만 예외로 분리된다.,content/pages.json:/9/questions/1/question; content/pages.json:/9/questions/1/answer
F018,E01,P1,계획됨·미착수,/checkups/visa/,비자 페이지 본문은 2~3일·1~2시간·여권 영문명을 명시하지만 FAQ는 발급일을 어떻게 문의하는지로 질문을 바꾸고 실제 답을 생략한다.,발급일·준비물·영문명 기준을 직접 묻고 본문의 조건부 답을 재사용한다.,C04; C05,준비물·검사 범위·발급기간을 첫 답변에서 읽을 수 있고 제출처별 조건만 예외로 분리된다.,content/pages.json:/10/questions/1/question; content/pages.json:/10/questions/1/answer; content/pages.json:/10/questions/2/question; content/pages.json:/10/questions/2/answer
F019,E09,P2,계획됨·미착수,/checkups/visa/,언어 안내 첫 문장이 번역 오류가 생겼을 때 독자가 한국어를 확인하라는 면책으로 시작한다. 통역 가능 여부를 따로 알리는 것은 유용하다.,제공 언어와 문의 방법을 먼저 안내한다. 제도 기준은 제출기관 원문을 따르되 번역문 정확성은 제작 측 검토 대상으로 관리한다.,C11,한국어 확정 사실과 5개 언어의 수치·준비물·조건이 맞고 번역 제공과 통역 지원을 구분한다.,content/pages.json:/10/blocks/5/text
F020,E06,P1,계획됨·미착수,/conditions/acute-care/,급성 증상 페이지 첫 문장이 진료 준비와 알려줄 정보로 시작하며 가장 중요한 응급·외래 선택 답을 뒤로 미룬다.,즉시 119가 필요한 대표 상황과 안정적일 때 외래에서 평가하는 범위를 먼저 제시한다.,,각 진료의 대상과 실제 설명이 제목에 대응하고 환자 동기를 추정하는 훈계 문구를 정리한다.,content/pages.json:/12/description; content/pages.json:/12/intro
F021,E06,P1,계획됨·미착수,/conditions/acute-care/,일반 환자가 행동을 결정하는 위험 신호와 의료진의 검사 후 의뢰 기준이 같은 목록에 섞인다. 또 마지막에 응급 신호가 반복된다.,"환자가 알아볼 증상을 앞에, 진료 후 확인하는 소견을 별도 단락에 둔다. 핵심 119 안내는 유지한다.",,각 진료의 대상과 실제 설명이 제목에 대응하고 환자 동기를 추정하는 훈계 문구를 정리한다.,content/pages.json:/12/blocks/0/items/1; content/pages.json:/12/blocks/0/items/2; content/pages.json:/12/blocks/2/items/5; content/pages.json:/12/blocks/5/heading
F022,E06,P2,계획됨·미착수,/conditions/acute-care/,기록이 도움이 되느냐는 질문에 없는 결과를 추정하지 말라는 불필요한 경고가 붙는다.,기억나는 증상과 확인 가능한 기록만 전달해도 된다고 긍정적으로 답한다.,,각 진료의 대상과 실제 설명이 제목에 대응하고 환자 동기를 추정하는 훈계 문구를 정리한다.,content/pages.json:/12/questions/2/answer
F023,E06,P1,계획됨·미착수,/conditions/chronic-cough/,기침의 원인과 평가를 설명하기보다 무엇을 기록·상담하라는 요구가 앞부분을 차지한다. 구체적 폐기능·흉부 X선 설명은 뒤에 있다.,지속 기간·동반 증상으로 무엇을 구분하는지와 기존 검사 설명을 앞에 배치하고 준비 목록은 한 번으로 묶는다.,,각 진료의 대상과 실제 설명이 제목에 대응하고 환자 동기를 추정하는 훈계 문구를 정리한다.,content/pages.json:/13/description; content/pages.json:/13/intro; content/pages.json:/13/blocks/0/text; content/pages.json:/13/blocks/2/text
F024,E06,P1,계획됨·미착수,/conditions/chronic-cough/,온라인 설명만으로 판단하지 말라는 금지문이 검사 선택의 이유를 대신한다.,검사별로 확인하는 대상을 설명하고 어떤 상황에서 추가 평가가 필요한지 말한다.,,각 진료의 대상과 실제 설명이 제목에 대응하고 환자 동기를 추정하는 훈계 문구를 정리한다.,content/pages.json:/13/blocks/2/text
F025,E06,P1,계획됨·미착수,/conditions/chronic-cough/,결핵 의심 증상에 대한 진료 문단 다음에 서류 당일 발급을 나열해 증상 평가와 행정 검진이 혼재한다.,만성기침 문단은 진단 목적과 위험 신호에 집중하고 발급 일정은 결핵검진 페이지로 연결한다.,,각 진료의 대상과 실제 설명이 제목에 대응하고 환자 동기를 추정하는 훈계 문구를 정리한다.,content/pages.json:/13/blocks/5/text; content/pages.json:/13/blocks/5/items/0; content/pages.json:/13/blocks/5/items/1; content/pages.json:/13/blocks/5/items/2
F026,E02,P2,계획됨·미착수,/conditions/heart-disease/,본문 도입에는 실제 검사와 응급 기준이 있으나 검색 설명은 상담·준비 방법이라는 추상 문구다.,메타 설명도 본원의 실제 평가 범위와 핵심 응급 기준을 요약한다.,,검사별 목적·준비·기록 또는 결과 범위가 다르며 FAQ가 같은 본문 사실에 직접 답한다.,content/pages.json:/14/description
F027,E08,P2,계획됨·미착수,/services/heart/arterial-assessment/; /health/angina-treatment/; /health/cancer-treatment-symptoms/; /services/heart/cardiac-markers/; /services/heart/carotid-ultrasound/; /services/heart/echocardiography/; /conditions/heart-disease/; /health/heart-valve-regurgitation/; /services/heart/holter/; /health/palpitations-test-followup/,관련 링크 앞에 글의 성격과 스스로 진단하지 말라는 안내를 반복한다. 이미 도입·검사 한계·공통 하단에서 설명한다.,해당 증상과 질환 설명을 연결하는 한 문장으로 바꾸고 공통 안전 고지와 중복을 줄인다.,,관련 링크 앞·본문·푸터의 의미 중복을 정리하고 요청된 안전·예약·이용 안내 및 사례 원문 연결을 보존한다.,content/pages.json:/14/blocks/10/text; content/pages.json:/23/blocks/8/text; content/pages.json:/33/blocks/4/text; content/pages.json:/34/blocks/6/text; content/pages.json:/35/blocks/5/text; content/pages.json:/36/blocks/5/text; content/pages.json:/38/blocks/5/text; content/pages.json:/48/blocks/22/text; content/pages.json:/57/blocks/7/text; content/pages.json:/58/blocks/6/text
F028,E02,P2,계획됨·미착수,/conditions/heart-disease/,정상 검사 뒤 지속 증상이라는 임상적 맥락이 있는데 확인한 점·추가 확인할 점을 질문하라는 추상적 표현으로 끝난다.,검사 당시 증상 유무와 검사 종류가 왜 다음 평가에 중요한지 본문의 설명을 활용한다.,,검사별 목적·준비·기록 또는 결과 범위가 다르며 FAQ가 같은 본문 사실에 직접 답한다.,content/pages.json:/14/questions/1/answer
F029,E07,P1,계획됨·미착수,/fees/,비용·서류 안내라는 제목에 비해 가격·발급정보로 연결하지 않고 문의할 항목만 반복한다. 과거 가격을 믿지 말라는 지시도 불필요하다.,검증된 비용표나 원 병원의 현행 고지 연결을 확보한다. 미확인 가격을 만들지 말고 비용 구성과 확인 경로를 명확히 표시한다. 서류별 기간은 기존 상세 페이지 정보를 요약한다.,C08,확인된 위치·진료시간·발급 안내는 직접 제공하고 미확인 지원·요금·마감만 따로 남긴다.,content/pages.json:/18/description; content/pages.json:/18/intro; content/pages.json:/18/blocks/0/text; content/pages.json:/18/blocks/1/text; content/pages.json:/18/questions/1/answer
F030,E03,P1,계획됨·미착수,/health/checkup-preparation-checklist/,준비가 다른 이유를 설명하는 대신 다른 사람 지침을 적용하지 말라·단정하지 말라·강행하지 말라는 문장이 누적된다. 섭취 후 병원에 알릴 항목은 유용하다.,금식·장정결·진정의 목적 차이를 구체적으로 설명하고 섭취 종류·양·시각 전달은 간결한 행동 안내로 유지한다.,C01,위/대장·진정/비진정·조직검사/용종절제 조건별 실제 준비와 회복 행동이 본문과 도표에서 일치한다.,content/pages.json:/20/blocks/0/text; content/pages.json:/20/blocks/1/text; content/pages.json:/20/blocks/2/text; content/pages.json:/20/questions/1/answer
F031,E03,P1,계획됨·미착수,/health/checkup-preparation-checklist/,검사에 따라 준비가 다른 이유라는 제목에 관찰·측정 대상이 다르다는 일반론만 있고 실제 예가 없다.,이미 본문에 있는 혈액검사·내시경·복약의 서로 다른 준비 이유를 짧은 비교로 연결한다.,C01,위/대장·진정/비진정·조직검사/용종절제 조건별 실제 준비와 회복 행동이 본문과 도표에서 일치한다.,content/pages.json:/20/blocks/1/text; content/pages.json:/20/questions/0/answer
F032,E03,P1,계획됨·미착수,/health/colonoscopy-preparation-questions/,대장내시경 준비 페이지의 본문·표·FAQ가 모두 무엇을 확인할지만 나열하고 음식·물·약별 실제 준비 설명을 거의 제공하지 않는다. 질문이 약속한 답이 없다.,기존 대장내시경·오라팡·플렌뷰 페이지의 검증된 준비 정보를 가져와 단계별로 설명한다. 예약별 시각과 개인별 금기만 개별 안내로 남긴다.,C01,위/대장·진정/비진정·조직검사/용종절제 조건별 실제 준비와 회복 행동이 본문과 도표에서 일치한다.,content/pages.json:/21/blocks/0/text; content/pages.json:/21/blocks/1/text; content/pages.json:/21/blocks/2/text; content/pages.json:/21/blocks/2/table/caption; content/pages.json:/21/questions/0/answer; content/pages.json:/21/questions/1/answer; content/pages.json:/21/questions/2/answer; content/pages.json:/21/questions/3/answer
F033,E03,P1,계획됨·미착수,/health/colonoscopy-preparation-questions/,한 규칙으로 묶지 마세요·다른 상담을 적용하지 마세요·인터넷 시간을 적용하지 마세요·이 페이지로 금식 종료를 정하지 마세요가 일반 정보를 제공하지 않는 이유처럼 사용된다.,왜 다른지와 실제 적용 범위를 답한다. 개인별 일정이 필요한 이유는 구체적으로 한 번 설명한다.,C01,위/대장·진정/비진정·조직검사/용종절제 조건별 실제 준비와 회복 행동이 본문과 도표에서 일치한다.,content/pages.json:/21/blocks/0/text; content/pages.json:/21/blocks/2/text; content/pages.json:/21/questions/1/answer; content/pages.json:/21/questions/2/answer
F034,E03,P1,계획됨·미착수,/health/colonoscopy-preparation-questions/,비진정·진정 구분 없이 보호자와 다음 날까지 운전 제한을 일반 대장내시경 조건처럼 제시한다.,각 문장의 적용 대상이 진정 검사인지 시술 후 상태인지 명시하고 원 지침과 대조한다. 안전 제한 자체를 삭제하지 않는다.,C01,위/대장·진정/비진정·조직검사/용종절제 조건별 실제 준비와 회복 행동이 본문과 도표에서 일치한다.,content/pages.json:/21/blocks/4/heading; content/pages.json:/21/blocks/4/text; content/pages.json:/21/blocks/5/heading; content/pages.json:/21/blocks/5/text
F035,E02,P2,계획됨·미착수,/health/heart-test-differences/,검사 차이의 실제 예가 뒤에 있는데 앞부분은 설명 요청·질문 준비로 돌아간다.,서로 다른 정상 결과의 의미와 간헐적 부정맥 예시를 먼저 설명하고 진료 준비를 한 단락으로 합친다.,,검사별 목적·준비·기록 또는 결과 범위가 다르며 FAQ가 같은 본문 사실에 직접 답한다.,content/pages.json:/22/blocks/1/text; content/pages.json:/22/blocks/2/text; content/pages.json:/22/blocks/3/text
F036,E02,P1,계획됨·미착수,/health/heart-test-differences/,세 검사를 모두 해야 하느냐는 같은 질문에 본문은 직접 답과 사례를 주지만 FAQ는 의료진에게 질문하라는 말로 끝난다.,본문의 아니요와 검사 선택 예를 FAQ에 반영하고 중복 섹션을 정리한다.,,검사별 목적·준비·기록 또는 결과 범위가 다르며 FAQ가 같은 본문 사실에 직접 답한다.,content/pages.json:/22/questions/2/answer
F037,E02,P1,계획됨·미착수,/health/palpitations-test-followup/,정상 심전도에서도 간헐적 부정맥이 기록되지 않을 수 있다는 핵심 답이 기록·질문 준비 세 문단 뒤에 있다.,검사 후 증상 지속의 해석을 먼저 설명하고 증상 기록과 재진 준비는 뒤에 묶는다.,,검사별 목적·준비·기록 또는 결과 범위가 다르며 FAQ가 같은 본문 사실에 직접 답한다.,content/pages.json:/23/description; content/pages.json:/23/intro; content/pages.json:/23/blocks/0/text; content/pages.json:/23/blocks/2/text; content/pages.json:/23/blocks/5/text
F038,E08,P2,계획됨·미착수,/health/palpitations-test-followup/,관련 질환 링크 앞에 다른 페이지와 동일한 자가진단 금지문이 중복된다.,증상과 관련 질환의 연결 이유를 짧게 설명하고 공통 면책을 반복하지 않는다.,,관련 링크 앞·본문·푸터의 의미 중복을 정리하고 요청된 안전·예약·이용 안내 및 사례 원문 연결을 보존한다.,content/pages.json:/23/blocks/8/text
F039,E02,P2,계획됨·미착수,/health/palpitations-test-followup/,스마트워치 기록 질문과 답이 본문·FAQ에 중복되며 FAQ 쪽이 더 추상적이다.,하나의 분명한 답으로 합치고 시각·원본 파형 보존과 자동판정의 한계를 유지한다.,,검사별 목적·준비·기록 또는 결과 범위가 다르며 FAQ가 같은 본문 사실에 직접 답한다.,content/pages.json:/23/blocks/7/text; content/pages.json:/23/questions/2/answer
F040,E06,P2,계획됨·미착수,/services/cancer-support/,환자가 원한다고 임의 투여하는 주사가 아니라는 표현이 치료 선택 설명에 불필요한 대립을 만든다.,이미 앞에 있는 항암 종류·투여시기·호중구·감염 위험에 따른 결정 이유로 설명한다.,,각 진료의 대상과 실제 설명이 제목에 대응하고 환자 동기를 추정하는 훈계 문구를 정리한다.,content/pages.json:/28/blocks/4/text
F041,E06,P1,계획됨·미착수,/services/cancer-support/,지지진료가 항암치료를 대신하느냐는 질문에 본문에 있는 두 기관의 역할 대신 치료를 중단하지 말라는 지시로 답한다.,기존 항암치료를 이어가며 지역 내과가 치료 사이의 증상을 관리한다는 직접 답을 제시한다.,,각 진료의 대상과 실제 설명이 제목에 대응하고 환자 동기를 추정하는 훈계 문구를 정리한다.,content/pages.json:/28/questions/0/answer
F042,E06,P2,계획됨·미착수,/services/cancer-support/,보충제를 알려야 하는 이유는 상호작용으로 설명되는데 광고·타인 경험으로 판단하지 말라는 경고가 덧붙는다.,제품명·성분·용량과 상호작용 확인에 집중한다.,,각 진료의 대상과 실제 설명이 제목에 대응하고 환자 동기를 추정하는 훈계 문구를 정리한다.,content/pages.json:/28/questions/1/answer
F043,E03,P1,계획됨·미착수,/services/endoscopy/,위·대장내시경 허브 전체가 안내를 확인하는 순서만 설명한다. 위와 대장 검사의 차이를 설명하는 답이 없다.,관찰 부위·장정결 필요 여부·검사 후 결과 확인의 차이를 짧게 보여주고 자세한 준비로 연결한다. 안내도와 단계 나열의 중복도 조정한다.,C01,위/대장·진정/비진정·조직검사/용종절제 조건별 실제 준비와 회복 행동이 본문과 도표에서 일치한다.,content/pages.json:/29/description; content/pages.json:/29/intro; content/pages.json:/29/blocks/0/text; content/pages.json:/29/blocks/1/text; content/pages.json:/29/blocks/1/steps/0; content/pages.json:/29/blocks/1/steps/1; content/pages.json:/29/blocks/1/steps/2; content/pages.json:/29/blocks/1/steps/3
F044,E03,P1,계획됨·미착수,/services/endoscopy/colonoscopy/,대장내시경의 실제 목적·준비·결과보다 안내서와 일정을 확인하라는 문장이 본문 앞부분을 차지한다. 구체적 음식·장정결 설명은 뒤에 붙어 있다.,"검사 목적, 준비, 관찰 결과와 조직검사 결과의 차이를 먼저 설명하고 연락·예약 조건을 뒤에 묶는다.",C01,위/대장·진정/비진정·조직검사/용종절제 조건별 실제 준비와 회복 행동이 본문과 도표에서 일치한다.,content/pages.json:/30/description; content/pages.json:/30/intro; content/pages.json:/30/blocks/1/text; content/pages.json:/30/blocks/2/text; content/pages.json:/30/blocks/3/text
F045,E03,P2,계획됨·미착수,/services/endoscopy/colonoscopy/,다른 병원 예시로 바꾸지 말라·이전 행사 가격으로 판단하지 말라는 지시가 환자에게 오류 책임을 돌리는 어조다.,처방 정결제마다 용량이 다르다는 이유와 진정·조직검사 등 추가 비용 항목을 직접 설명한다.,C08,위/대장·진정/비진정·조직검사/용종절제 조건별 실제 준비와 회복 행동이 본문과 도표에서 일치한다.,content/pages.json:/30/blocks/2/text; content/pages.json:/30/questions/1/answer
F046,E03,P1,계획됨·미착수,/services/endoscopy/colonoscopy/; /services/endoscopy/gastroscopy/,조직검사 결과가 바로 나오느냐는 질문에 다를 수 있다는 표현만 쓰고 관찰 결과와 병리검사의 처리 차이를 설명하지 않는다.,당일 관찰 소견과 별도 처리되는 조직검사를 구분해 답하고 병원에서 확인한 예상 기간을 제시한다. 확인 전 기간을 만들지 않는다.,C04,위/대장·진정/비진정·조직검사/용종절제 조건별 실제 준비와 회복 행동이 본문과 도표에서 일치한다.,content/pages.json:/30/questions/2/answer; content/pages.json:/31/questions/2/answer
F047,E03,P1,계획됨·미착수,/services/endoscopy/gastroscopy/,선택 가능한 방식·금식·귀가·결과에 대해 거의 모두 문의를 지시한다. 보호자와 운전 기준은 같은 페이지 뒤쪽에 구체적으로 있다.,이미 확인된 진정·귀가 기준을 앞에 제시하고 실제 미확정 일정만 문의 대상으로 남긴다.,C01,위/대장·진정/비진정·조직검사/용종절제 조건별 실제 준비와 회복 행동이 본문과 도표에서 일치한다.,content/pages.json:/31/blocks/1/text; content/pages.json:/31/blocks/2/text; content/pages.json:/31/blocks/3/text
F048,E03,P1,계획됨·미착수,/services/endoscopy/gastroscopy/,진정 여부에 따라 무엇이 달라지는지 답하지 않고 진정 여부는 필요한 조건이라고 되풀이한다.,"보호자 동행과 당일 운전 제한, 검사 조합에 따른 금식 조건을 명시한다.",C01,위/대장·진정/비진정·조직검사/용종절제 조건별 실제 준비와 회복 행동이 본문과 도표에서 일치한다.,content/pages.json:/31/questions/0/answer
F049,E02,P1,계획됨·미착수,/services/heart/,심장검사 허브의 도입이 개별 안내로 이동하고 상담을 준비하라는 동선 지시다.,각 검사가 확인하는 정보와 증상에 따라 선택한다는 핵심을 먼저 설명한다.,,검사별 목적·준비·기록 또는 결과 범위가 다르며 FAQ가 같은 본문 사실에 직접 답한다.,content/pages.json:/32/intro
F050,E02,P1,계획됨·미착수,/services/heart/,심전도·추가검사·심장초음파·홀터를 연속 단계로 붙여 모든 환자가 모두 받는 과정처럼 보인다. 같은 페이지 안내도는 선택 검사라고 설명한다.,공통 진료 과정과 증상별 선택 검사를 구분한다. 안내도와 본문을 같은 구조로 맞춘다.,C12,검사별 목적·준비·기록 또는 결과 범위가 다르며 FAQ가 같은 본문 사실에 직접 답한다.,content/pages.json:/32/blocks/2/heading; content/pages.json:/32/blocks/3/heading; content/pages.json:/32/blocks/4/heading; content/pages.json:/32/blocks/5/heading
F051,E02,P1,계획됨·미착수,/services/heart/arterial-assessment/; /services/heart/carotid-ultrasound/; /services/heart/heart-rate-variability/,검사명만 다른 동일 도입문이며 검사가 무엇을 보는지 답하지 않는다. HRV에도 검사 부위라는 어색한 공통 표현이 적용된다.,검사별 관찰 대상과 주요 목적을 본문에서 끌어올려 고유한 도입문을 쓴다.,,검사별 목적·준비·기록 또는 결과 범위가 다르며 FAQ가 같은 본문 사실에 직접 답한다.,content/pages.json:/33/description; content/pages.json:/33/intro; content/pages.json:/35/description; content/pages.json:/35/intro; content/pages.json:/37/description; content/pages.json:/37/intro
F052,E02,P1,계획됨·미착수,/services/heart/arterial-assessment/; /services/examinations/,동맥경화도 상세는 본원 측정 항목을 환자가 확인하라고 하지만 검사·장비 페이지는 ABI 검사 시행을 명시한다. 같은 사이트의 확정도와 설명 범위가 맞지 않는다.,검사·장비 원장과 실제 본원 시행 근거를 대조해 상세 페이지를 일치시킨다. 내부에서 확인할 운영 사실을 환자의 질문 과제로 남기지 않는다.,C04,검사별 목적·준비·기록 또는 결과 범위가 다르며 FAQ가 같은 본문 사실에 직접 답한다.,content/pages.json:/33/blocks/0/text; content/pages.json:/33/questions/0/answer; content/pages.json:/45/blocks/4/items/3
F053,E02,P1,계획됨·미착수,/services/heart/arterial-assessment/; /services/heart/cardiac-markers/; /services/heart/carotid-ultrasound/; /services/heart/heart-rate-variability/,검사명만 바꾼 결과 상담 준비 문단이 네 페이지에서 같은 질문·비용·서류 지시를 반복한다.,각 검사의 결과지 항목과 추적 판단에 필요한 정보로 바꾸고 공통 문의는 한 번으로 줄인다.,,검사별 목적·준비·기록 또는 결과 범위가 다르며 FAQ가 같은 본문 사실에 직접 답한다.,content/pages.json:/33/blocks/3/text; content/pages.json:/34/blocks/3/text; content/pages.json:/35/blocks/3/text; content/pages.json:/37/blocks/3/text
F054,E02,P2,계획됨·미착수,/services/heart/arterial-assessment/,보행통을 왜 알려야 하는지와 결과가 무엇을 뜻하는지보다 확정하지 말고 설명받으라는 지시가 앞선다.,보행·휴식에 따른 증상이 평가에 필요한 이유와 해당 지표의 해석 범위를 설명한다.,,검사별 목적·준비·기록 또는 결과 범위가 다르며 FAQ가 같은 본문 사실에 직접 답한다.,content/pages.json:/33/questions/1/answer; content/pages.json:/33/questions/2/answer
F055,E02,P2,계획됨·미착수,/services/heart/cardiac-markers/,검사 한계의 타당한 내용 뒤에 스스로 확정하지 말라·단순 비교하지 말라는 어조가 붙는다.,발생 시각·측정 항목·단위 등 해석이 달라지는 이유를 설명하고 위험 신호는 유지한다.,,검사별 목적·준비·기록 또는 결과 범위가 다르며 FAQ가 같은 본문 사실에 직접 답한다.,content/pages.json:/34/blocks/2/text; content/pages.json:/34/questions/2/answer
F056,E02,P2,계획됨·미착수,/services/heart/cardiac-markers/,트로포닌만 있는지를 묻는 답에 전체 항목·결과시간·응급 고지가 한꺼번에 들어가 초점이 흐려진다.,아니요와 검사별 목적 차이를 먼저 답하고 결과시간은 표로 연결한다.,,검사별 목적·준비·기록 또는 결과 범위가 다르며 FAQ가 같은 본문 사실에 직접 답한다.,content/pages.json:/34/questions/0/answer
F057,E02,P1,계획됨·미착수,/services/heart/carotid-ultrasound/,복장 등 준비를 문의하라고 하지만 같은 페이지 T01034에 금식·목걸이·복장 안내가 있다.,확인된 준비를 답변에 직접 반영한다.,,검사별 목적·준비·기록 또는 결과 범위가 다르며 FAQ가 같은 본문 사실에 직접 답한다.,content/pages.json:/35/blocks/1/text; content/pages.json:/35/questions/1/answer
F058,E02,P2,계획됨·미착수,/services/heart/carotid-ultrasound/,경동맥초음파의 관찰 범위를 설명하기보다 모든 뇌혈관으로 해석하지 말라는 금지로 끝난다.,목의 경동맥 평가 범위를 먼저 설명하고 두개내 혈관 평가와의 차이를 필요한 만큼 보완한다.,,검사별 목적·준비·기록 또는 결과 범위가 다르며 FAQ가 같은 본문 사실에 직접 답한다.,content/pages.json:/35/blocks/2/text; content/pages.json:/35/questions/2/answer
F059,E02,P2,계획됨·미착수,/services/heart/echocardiography/,예약 때 전달할 검사·이전 결과·복약 정보가 세 문단에 반복된다.,"전화 예약, 준비물·복장·금식, 결과의 세 항목으로 묶는다.",,검사별 목적·준비·기록 또는 결과 범위가 다르며 FAQ가 같은 본문 사실에 직접 답한다.,content/pages.json:/36/blocks/2/text; content/pages.json:/36/blocks/3/text; content/pages.json:/36/blocks/4/text
F060,E02,P1,계획됨·미착수,/services/heart/echocardiography/,심장초음파의 정상 결과 한계와 단독 검사 금식 여부가 본문에 있지만 FAQ는 넓혀 해석하지 말고 안내를 확인하라는 일반론이다.,"관상동맥·부정맥과의 검사 차이, 단독 검사와 동시 검사의 준비 차이를 직접 답한다.",,검사별 목적·준비·기록 또는 결과 범위가 다르며 FAQ가 같은 본문 사실에 직접 답한다.,content/pages.json:/36/questions/0/answer; content/pages.json:/36/questions/1/answer
F061,E02,P1,계획됨·미착수,/services/heart/heart-rate-variability/,HRV와 심박수·홀터의 차이를 혼동하지 말라·한계를 질문하라·목적을 구분하라는 지시로 마무리한다.,"HRV가 측정하는 박동 간격 변화, 홀터의 리듬 기록 목적, 측정 조건의 영향을 직접 설명하고 적용 한계를 짧게 남긴다.",,검사별 목적·준비·기록 또는 결과 범위가 다르며 FAQ가 같은 본문 사실에 직접 답한다.,content/pages.json:/37/blocks/2/text; content/pages.json:/37/questions/0/answer; content/pages.json:/37/questions/1/answer; content/pages.json:/37/questions/2/answer
F062,E02,P2,계획됨·미착수,/services/heart/holter/,홀터 설명에서 스스로 판단하지 말라·인터넷 기기 설명을 적용하지 말라는 말이 반복된다. 장비별 생활 제한은 필요하다.,"장비 기록과 증상 시각을 비교하는 이유, 본원 장비의 착용 주의사항을 직접 설명한다. 미확인 방수 조건을 임의로 만들지 않는다.",C03,검사별 목적·준비·기록 또는 결과 범위가 다르며 FAQ가 같은 본문 사실에 직접 답한다.,content/pages.json:/38/blocks/1/text; content/pages.json:/38/blocks/2/text; content/pages.json:/38/questions/2/answer
F063,E02,P1,계획됨·미착수,/services/heart/holter/,본원 홀터가 24시간인지 묻는 답변에서 이미 도입과 본문에 있는 주로 72시간이라는 사실을 빼고 장비 안내를 확인하라고 한다.,본원은 주로 72시간 기록하며 목적에 따라 조정한다는 직접 답을 쓴다.,C04,검사별 목적·준비·기록 또는 결과 범위가 다르며 FAQ가 같은 본문 사실에 직접 답한다.,content/pages.json:/38/questions/0/answer
F064,E02,P1,계획됨·미착수,/services/ultrasound/,초음파 허브의 설명이 모두 검사명과 준비를 확인하라는 동선 지시다. 부위별 실제 차이를 보여주지 않는다.,부위별 관찰 대상과 금식·방광 준비 차이를 기존 상세 글에서 요약해 선택을 돕는다.,,검사별 목적·준비·기록 또는 결과 범위가 다르며 FAQ가 같은 본문 사실에 직접 답한다.,content/pages.json:/39/description; content/pages.json:/39/intro; content/pages.json:/39/blocks/0/text; content/pages.json:/39/blocks/2/text; content/pages.json:/39/blocks/2/steps/0; content/pages.json:/39/blocks/2/steps/1; content/pages.json:/39/blocks/2/steps/3
F065,E02,P1,계획됨·미착수,/services/ultrasound/,이 글보다 예약 안내가 우선이라는 포괄 문구와 숨기지 말라는 의심하는 표현이 사용된다.,개별 예약 조건이 다른 이유를 설명하고 준비와 달라진 섭취·배뇨 내용을 알려 달라고 중립적으로 안내한다.,,검사별 목적·준비·기록 또는 결과 범위가 다르며 FAQ가 같은 본문 사실에 직접 답한다.,content/pages.json:/39/blocks/1/items/0; content/pages.json:/39/blocks/1/items/3
F066,E02,P1,계획됨·미착수,/services/ultrasound/abdomen/; /services/ultrasound/thyroid/,상하복부·갑상선 검사에도 검사명만 바꾼 동일한 도입문이 사용된다.,각 장기와 확인할 소견을 도입에서 직접 설명한다.,,검사별 목적·준비·기록 또는 결과 범위가 다르며 FAQ가 같은 본문 사실에 직접 답한다.,content/pages.json:/40/description; content/pages.json:/40/intro; content/pages.json:/42/description; content/pages.json:/42/intro
F067,E02,P1,계획됨·미착수,/services/ultrasound/abdomen/; /services/ultrasound/bowel/; /services/ultrasound/thyroid/,검사명만 바꾼 결과 상담 준비 문단이 복부·장·갑상선 검사에도 반복된다.,결과에서 확인하는 소견과 다음 평가의 이유를 해당 검사에 맞게 쓰고 공통 문의 문구는 통합한다.,,검사별 목적·준비·기록 또는 결과 범위가 다르며 FAQ가 같은 본문 사실에 직접 답한다.,content/pages.json:/40/blocks/3/text; content/pages.json:/41/blocks/3/text; content/pages.json:/42/blocks/3/text
F068,E02,P1,계획됨·미착수,/services/ultrasound/abdomen/,상복부 금식과 방광을 채우는 검사 조건이 같은 페이지에 구체적으로 있지만 FAQ와 앞 문단은 음식·음료·배뇨를 문의하라고만 한다.,상복부와 하복부의 준비 차이를 조건과 함께 직접 답한다.,,검사별 목적·준비·기록 또는 결과 범위가 다르며 FAQ가 같은 본문 사실에 직접 답한다.,content/pages.json:/40/blocks/1/text; content/pages.json:/40/questions/0/answer
F069,E02,P2,계획됨·미착수,/services/ultrasound/abdomen/; /services/ultrasound/bowel/,초음파와 내시경의 차이를 간단히 설명한 뒤 대체로 스스로 결정하지 말라고 끝난다.,관찰 방식·범위의 차이와 상호 보완하는 이유를 설명한다.,,검사별 목적·준비·기록 또는 결과 범위가 다르며 FAQ가 같은 본문 사실에 직접 답한다.,content/pages.json:/40/questions/1/answer; content/pages.json:/41/questions/1/answer
F070,E02,P2,계획됨·미착수,/services/ultrasound/bowel/,초음파만으로 배제할 수 없다는 한계가 세 군데 반복되지만 FAQ는 관찰이 제한되는 이유를 생략한다.,가스·체형 등 관찰 한계와 지속 통증 시 추가 평가라는 구체 설명을 하나로 묶는다.,,검사별 목적·준비·기록 또는 결과 범위가 다르며 FAQ가 같은 본문 사실에 직접 답한다.,content/pages.json:/41/blocks/2/text; content/pages.json:/41/blocks/4/text; content/pages.json:/41/questions/0/answer
F071,E02,P1,계획됨·미착수,/services/ultrasound/thyroid/,결절이 바로 암인지 묻는 질문에 스스로 확정하지 말라는 문장부터 나온다.,결절과 암의 관계를 먼저 설명하고 크기·모양·림프절·변화에 따른 추가 평가를 본문에 맞춰 덧붙인다.,,검사별 목적·준비·기록 또는 결과 범위가 다르며 FAQ가 같은 본문 사실에 직접 답한다.,content/pages.json:/42/blocks/2/text; content/pages.json:/42/questions/0/answer
F072,E02,P1,계획됨·미착수,/services/ultrasound/thyroid/,세침흡인검사가 필요한 경우라는 제목인데 본원이 시행하지 않는다는 사실을 전 문단과 반복하고 어떤 경우인지 설명이 부족하다.,제목을 실제 내용에 맞추거나 위험도·크기 등 조직검사 판단 기준을 근거 확인 후 보완한다. 본원 미시행 정보는 한 번 명시한다.,C12,검사별 목적·준비·기록 또는 결과 범위가 다르며 FAQ가 같은 본문 사실에 직접 답한다.,content/pages.json:/42/blocks/4/paragraphs/0; content/pages.json:/42/blocks/5/heading; content/pages.json:/42/blocks/5/text
F073,E02,P2,계획됨·미착수,/services/ultrasound/thyroid/,결절의 이전 결과를 어떻게 비교하느냐는 질문에 자료 지참과 설명 요청만 답한다.,비교할 항목을 본문에 있는 크기·모양·주변 소견 중심으로 설명하고 자료 준비를 보완한다.,,검사별 목적·준비·기록 또는 결과 범위가 다르며 FAQ가 같은 본문 사실에 직접 답한다.,content/pages.json:/42/questions/2/answer
F074,E07,P2,계획됨·미착수,/visit/,점심시간 정보가 공통 원장에 있지만 도입에서는 점심·접수를 다시 문의하라고 한다.,확정된 점심 운영시간·접수 범위를 제시하고 검사별 변동 접수만 문의 대상으로 구분한다.,C07,확인된 위치·진료시간·발급 안내는 직접 제공하고 미확인 지원·요금·마감만 따로 남긴다.,content/pages.json:/44/description; content/pages.json:/44/intro
F075,E07,P1,계획됨·미착수,/visit/,주차장 위치를 묻는데 이미 원장에 있는 건물 지하주차장 위치도 답하지 않고 문의를 요구한다.,지하주차장 위치는 직접 답하고 지원 시간·추가 비용 등 미확인 조건만 확인 대상으로 남긴다.,C06,확인된 위치·진료시간·발급 안내는 직접 제공하고 미확인 지원·요금·마감만 따로 남긴다.,content/pages.json:/44/questions/1/answer
F076,E02,P2,계획됨·미착수,/services/examinations/,결과시간 표에서 일부 검사는 비교적 신속·별도 설명이라고만 적혀 있어 질문에 답하는 정밀도가 낮다.,검사별 통상 결과시간을 확보한다. 위탁·추가검사 변동 조건은 보존하고 미확인 숫자를 쓰지 않는다.,C04,검사별 목적·준비·기록 또는 결과 범위가 다르며 FAQ가 같은 본문 사실에 직접 답한다.,content/pages.json:/45/blocks/5/table/rows/3/2; content/pages.json:/45/blocks/5/table/rows/8/2
F077,E01,P2,계획됨·미착수,/checkups/civil-service/,검체 제출 안내 제목이 독자를 조작 의도가 있는 사람처럼 대하는 명령형이다. 본문은 과도한 수분과 해독제품의 영향을 구체적으로 설명해 유용하다.,제목을 정확한 검사를 위한 수분 섭취와 검체 제출 안내로 정리하고 본문의 이유는 유지한다.,,준비물·검사 범위·발급기간을 첫 답변에서 읽을 수 있고 제출처별 조건만 예외로 분리된다.,content/pages.json:/46/blocks/7/heading
F078,E06,P2,계획됨·미착수,/health/cancer-treatment-symptoms/,호중구 증가 주사의 사용 조건을 설명한 뒤 “환자가 원한다고 임의로 투여하는 영양주사가 아닙니다”라고 덧붙여 독자를 나무라는 인상을 준다.,첫 문장의 투여 판단 기준을 중심으로 약의 목적을 직접 설명한다.,,각 진료의 대상과 실제 설명이 제목에 대응하고 환자 동기를 추정하는 훈계 문구를 정리한다.,content/pages.json:/48/blocks/16/text
F079,E06,P2,계획됨·미착수,/health/cancer-treatment-symptoms/,"전용 바늘·무균술에 대한 안전정보는 필요하지만 “익숙하지 않은 기관”, “함부로”라는 표현은 환자가 판단하기 어렵고 경고 어조가 강하다.",전용 바늘과 무균 관리가 가능한 의료기관에서 처치받는다는 행동 안내로 정리한다.,,각 진료의 대상과 실제 설명이 제목에 대응하고 환자 동기를 추정하는 훈계 문구를 정리한다.,content/pages.json:/48/blocks/17/text
F080,E06,P2,계획됨·미착수,/conditions/respiratory-infections/,호흡기 진료의 첫 설명이 질환명 목록과 “범위를 안내합니다”로 끝나 환자가 어떤 증상으로 방문할 수 있는지 바로 이해하기 어렵다.,주요 내원 증상과 본원에서 가능한 평가를 요약하고 질환 목록은 탐색 링크로 활용한다.,,각 진료의 대상과 실제 설명이 제목에 대응하고 환자 동기를 추정하는 훈계 문구를 정리한다.,content/pages.json:/50/description; content/pages.json:/50/intro
F081,E10,P2,계획됨·미착수,/services/vaccinations/,"“아래 표는 이미지와 같은 내용을 제공”은 구현 설명으로, 접종 판단에 필요한 정보가 아니다. 앞뒤의 개인별 일정 조건은 필요하다.",이미지-표 동등성 설명을 제거하고 표를 읽는 기준만 남긴다.,,공식 대상·기간·백신과 본원 가능 여부를 구분하고 기준일 통계의 핵심과 예방 행동을 설명한다.,content/pages.json:/51/blocks/0/text
F082,E10,P2,계획됨·미착수,/services/vaccinations/,동시 접종 가능 여부와 예외를 설명한 뒤 “한 번에 임의로 결정하지 말고”라는 훈계형 문장을 추가한다.,동시 접종이 가능한 기본 원칙과 접종기록에 따라 조정하는 조건을 유지한다.,,공식 대상·기간·백신과 본원 가능 여부를 구분하고 기준일 통계의 핵심과 예방 행동을 설명한다.,content/pages.json:/51/blocks/16/text
F083,E10,P2,계획됨·미착수,/services/vaccinations/,성인 예방접종 전체 페이지에서 대상포진 문답 다음 “암환자는 언제 맞나요?”가 어떤 백신의 질문인지 불명확하다. 답은 재조합 백신을 언급해 대상포진 맥락으로 보이지만 제목에 드러나지 않는다.,질문의 백신을 명시하고 해당 백신 설명에 붙인다.,,공식 대상·기간·백신과 본원 가능 여부를 구분하고 기준일 통계의 핵심과 예방 행동을 설명한다.,content/pages.json:/51/blocks/18/heading; content/pages.json:/51/blocks/19/heading; content/pages.json:/51/blocks/19/text
F084,E10,P2,계획됨·미착수,/services/vaccinations/,"“올해도 필요한가요?”에 본문은 매 절기 1회라고 답하지만 FAQ는 “검토합니다”, “상담할 수 있습니다”, “알려주세요”로 약화된다.",기본 접종 주기를 먼저 직접 답하고 예외 조건과 올해 감염한 경우를 뒤에 설명한다.,,공식 대상·기간·백신과 본원 가능 여부를 구분하고 기준일 통계의 핵심과 예방 행동을 설명한다.,content/pages.json:/51/questions/0/question; content/pages.json:/51/questions/0/answer
F085,E06,P2,계획됨·미착수,/conditions/influenza/,분자검사·PCR 제목 아래 첫 본문이 신속검사 음성의 한계를 설명해 검사 종류가 혼동된다.,음성 후 대응을 별도 소제목으로 옮기고 PCR의 목적과 시행 범위를 먼저 설명한다.,,각 진료의 대상과 실제 설명이 제목에 대응하고 환자 동기를 추정하는 훈계 문구를 정리한다.,content/pages.json:/52/blocks/3/heading; content/pages.json:/52/blocks/3/text
F086,E06,P2,계획됨·미착수,/conditions/covid-19/,신장·간기능에 따른 용량 조정 이유는 필요하지만 “해외 제품 설명이나 다른 사람의 복용법을 그대로 적용하지 마세요”가 특정 환자 행동을 가정한 경고로 붙는다.,본원에서 국내 허가사항·검사 결과·병용약으로 처방을 정한다는 직접 설명을 중심으로 쓴다.,,각 진료의 대상과 실제 설명이 제목에 대응하고 환자 동기를 추정하는 훈계 문구를 정리한다.,content/pages.json:/53/blocks/5/text
F087,E06,P1,계획됨·미착수,/conditions/covid-19/,“모든 팍스로비드 처방의 일률적인 법적 필수조건이라는 뜻은 아닙니다”는 독자 질문에 답하기보다 앞선 작성 주장에 대한 방어·해명처럼 읽힌다.,어떤 증상·기록에 따라 어떤 검사를 선택하는지 설명하고 법적 필수 여부에 대한 내부 검토는 내부 문서에 둔다.,C13,각 진료의 대상과 실제 설명이 제목에 대응하고 환자 동기를 추정하는 훈계 문구를 정리한다.,content/pages.json:/53/blocks/7/text
F088,E06,P1,계획됨·미착수,/conditions/covid-19/,“어떻게 복용하나요”라는 제목에 기본 복용기간·횟수 없이 처방대로/약 봉투 안내를 따르라는 지시만 있다. 치료 대상·지원 기준 문장도 복용법과 섞인다.,국내 공식 복약자료와 본원 기준을 확인해 일반 복용 원칙과 개별 용량의 차이를 구분하거나 제목을 처방 전후 확인사항으로 정확히 바꾼다. 새 복약 수치를 임의로 넣지 않는다.,C13,각 진료의 대상과 실제 설명이 제목에 대응하고 환자 동기를 추정하는 훈계 문구를 정리한다.,content/pages.json:/53/blocks/11/heading; content/pages.json:/53/blocks/11/text; content/pages.json:/53/blocks/11/items/1
F089,E03,P1,계획됨·미착수,/health/plenvu-preparation/,"복용시간 항목이 세 줄 모두 “지정 시각”, “금식 마감”만 되풀이한다. 개인 일정이 필요한 것은 맞지만 사용자가 실제 시간을 찾거나 계산할 자료가 없다.",본원에서 검증한 오전·오후 안내표 또는 개인 예약 안내문 확인 경로를 제공한다. 복용 시각과 진정 금식 기준의 의료 확인 전 일률적인 시간을 만들지 않는다.,C01,위/대장·진정/비진정·조직검사/용종절제 조건별 실제 준비와 회복 행동이 본문과 도표에서 일치한다.,content/pages.json:/55/blocks/2/heading; content/pages.json:/55/blocks/2/text; content/pages.json:/55/blocks/2/items/0; content/pages.json:/55/blocks/2/items/1; content/pages.json:/55/blocks/2/items/2
F090,E03,P1,계획됨·미착수,/health/after-endoscopy/,"요약은 물·죽·일반식 시작시간, 사우나 등 구체적인 생활 안내를 약속하지만 본문은 대부분 “의료진이 허용한 시각/기간”, “퇴실 전 확인”으로 끝난다. 시술 종류를 구분해야 한다는 원칙만으로는 집에서 활용할 지침이 되지 않는다.",본원 퇴실 안내 기준을 확인해 조직검사·용종절제별 기본 안내와 달라지는 조건을 분리하고 확인 가능한 안내문을 연결한다. 제공하지 않은 세부정보를 요약에서 약속하지 않는다.,C02,위/대장·진정/비진정·조직검사/용종절제 조건별 실제 준비와 회복 행동이 본문과 도표에서 일치한다.,content/pages.json:/56/description; content/pages.json:/56/blocks/1/text; content/pages.json:/56/blocks/1/items/0; content/pages.json:/56/blocks/2/text; content/pages.json:/56/blocks/3/text; content/pages.json:/56/blocks/4/text
F091,E06,P2,계획됨·미착수,/health/heart-valve-regurgitation/,추적 간격을 묻는 항목이 변수를 나열한 뒤 모든 환자에게 같은 간격을 적용하지 않는다는 부정으로 끝난다.,질환·중증도별로 설명할 수 있는 범위가 있는지 의료진 검토 후 기본 틀을 제공하거나 본인 결과지에서 확인할 항목과 다음 검사일 확인 방법을 구체화한다.,C12,각 진료의 대상과 실제 설명이 제목에 대응하고 환자 동기를 추정하는 훈계 문구를 정리한다.,content/pages.json:/57/blocks/4/text
F092,E06,P1,계획됨·미착수,/health/angina-treatment/,제목은 “협심증의 약물치료와 스텐트”인데 첫 문장이 “아닙니다”로 시작한다. 삭제된 질문에 대한 답변을 그대로 남긴 흔적이라 독립적인 도입문으로 성립하지 않는다.,협심증이라고 모두 스텐트가 필요한 것은 아니라는 완결된 문장으로 시작한다.,,각 진료의 대상과 실제 설명이 제목에 대응하고 환자 동기를 추정하는 훈계 문구를 정리한다.,content/pages.json:/58/intro
F093,E06,P2,계획됨·미착수,/conditions/chronic-disease/,체중관리와 생활습관 설명에 약을 임의로 시작/중단하지 말라는 경고가 반복된다. 이 페이지 후반에 평생 복용과 감량 조건을 실제로 설명하고 있어 중복이다.,생활관리와 약물치료의 관계를 직접 설명하고 중단·감량 주의는 관련 문답에 모은다.,,각 진료의 대상과 실제 설명이 제목에 대응하고 환자 동기를 추정하는 훈계 문구를 정리한다.,content/pages.json:/59/blocks/2/text; content/pages.json:/59/blocks/5/text
F094,E06,P2,계획됨·미착수,/conditions/chronic-disease/,"고혈압·당뇨·고지혈증·금연·체중관리 통합 페이지에서 “왜 증상이 없는데 약”, “평생 복용”, “부작용” 제목의 답이 LDL/스타틴에 집중된다. 어떤 치료를 말하는지 소제목만으로 알 수 없다.",지질저하제 문답임을 제목에 명시하거나 해당 질환 안내로 묶는다. “숫자를 예쁘게” 같은 불필요한 비유도 정리한다.,,각 진료의 대상과 실제 설명이 제목에 대응하고 환자 동기를 추정하는 훈계 문구를 정리한다.,content/pages.json:/59/blocks/8/heading; content/pages.json:/59/blocks/8/text; content/pages.json:/59/blocks/9/heading; content/pages.json:/59/blocks/10/heading
F095,E06,P2,계획됨·미착수,/health/cancer-family-history/,가족력에 맞는 검진을 다루지만 더 이른 검진 항목은 여러 암종을 나열하고 “획일적으로 정하지 않습니다”로 끝난다.,환자가 자신의 가족력을 어느 검진 상담으로 연결할지 알도록 암종별로 구분한다. 시작연령·간격을 추가한다면 공식 근거와 의료 확인을 먼저 확보한다.,C12,각 진료의 대상과 실제 설명이 제목에 대응하고 환자 동기를 추정하는 훈계 문구를 정리한다.,content/pages.json:/61/blocks/2/text
F096,E06,P2,계획됨·미착수,/health/colon-polyp-followup/,“단순히 ... 기억만으로”라는 표현이 자료 준비 안내를 독자 기억에 대한 지적으로 만든다.,내시경 결과지와 조직검사 결과지의 어떤 정보가 추적 간격 결정에 필요한지 직접 안내한다.,,각 진료의 대상과 실제 설명이 제목에 대응하고 환자 동기를 추정하는 훈계 문구를 정리한다.,content/pages.json:/63/blocks/0/text
F097,E06,P1,계획됨·미착수,/health/obesity-medication/,"비만 진료의 시작과 끝이 “더 날씬해 보이고 싶다는 이유”, “유행이나 미용 목적만으로 쉽게 처방”처럼 내원 동기를 먼저 평가한다. 임상 적응증 설명은 필요하지만 환자를 나무라는 문맥이 된다.",진료 대상·평가 항목·치료 선택·추적관리 순서로 설명하고 실제 금기와 주의사항은 구체적으로 남긴다.,C13,각 진료의 대상과 실제 설명이 제목에 대응하고 환자 동기를 추정하는 훈계 문구를 정리한다.,content/pages.json:/65/intro; content/pages.json:/65/blocks/5/text
F098,E06,P1,계획됨·미착수,/health/obesity-medication/,제목은 위고비·마운자로 진료인데 마운자로는 “적응증이 다를 수 있어 임의 사용해서는 안 됩니다” 한 문장뿐이다. 요약도 정상체중/경도 과체중의 처방 희망자 경고에 치우친다.,두 약제에 관해 제공할 수 있는 본원 진료 정보와 확인된 허가사항을 검토해 제목에 맞는 설명을 갖추거나 제목 범위를 줄인다.,C13,각 진료의 대상과 실제 설명이 제목에 대응하고 환자 동기를 추정하는 훈계 문구를 정리한다.,content/pages.json:/65/title; content/pages.json:/65/description; content/pages.json:/65/blocks/1/paragraphs/0
F099,E09,P2,계획됨·미착수,/en/checkups/visa/; /ne/checkups/visa/; /ru/checkups/visa/; /th/checkups/visa/; /zh-hans/checkups/visa/,5개 언어 안내가 번역 차이와 통역 비보장에 관한 경고로 끝나지만 실제 지원 가능한 언어·도움 요청 방법은 제시하지 않는다. 지원 여부가 미확인인 경우 임의로 가능하다고 바꾸면 안 된다.,본원 의사소통 지원 범위를 확인해 가능 언어·통역 동행 필요 여부 등 실제 방문 준비를 안내한다. 번역 정확도는 별도 언어 검수 대상이다.,C11,한국어 확정 사실과 5개 언어의 수치·준비물·조건이 맞고 번역 제공과 통역 지원을 구분한다.,content/pages.json:/66/blocks/5/text; content/pages.json:/67/blocks/5/text; content/pages.json:/68/blocks/5/text; content/pages.json:/69/blocks/5/text; content/pages.json:/70/blocks/5/text
F100,E08,P1,계획됨·미착수,/diseases/; /symptoms/,"증상/질환백과의 소개가 “진료 시 확인할 내용”, “질문을 정리하세요”와 진단 불가 문구에 치우친다. 특히 질환백과를 읽는 목적을 상담 질문 준비로 축소한다.",각 백과에서 얻을 수 있는 증상 대처·검사·치료·생활관리 정보를 직접 안내한다. 긴급 증상 안내와 개별 진료 원칙은 필요한 위치에서 유지한다.,,관련 링크 앞·본문·푸터의 의미 중복을 정리하고 요청된 안전·예약·이용 안내 및 사례 원문 연결을 보존한다.,content/pages.json:/71/description; content/pages.json:/71/intro; content/pages.json:/72/description; content/pages.json:/72/intro
F101,E05,P1,계획됨·미착수,/diseases/cardio/acute-myocardial-infarction/; /diseases/cardio/aortic-aneurysm-dissection/; /diseases/cardio/aortic-stenosis/; /diseases/cardio/atherosclerosis/; /diseases/cardio/atrial-fibrillation/; /diseases/cardio/bradyarrhythmia/; /diseases/cardio/carotid-stenosis/; /diseases/cardio/deep-vein-thrombosis/; /diseases/cardio/dilated-cardiomyopathy/; /diseases/cardio/dyslipidemia/; /diseases/cardio/heart-failure/; /diseases/cardio/hypertension/; /diseases/cardio/mitral-regurgitation/; /diseases/cardio/myocarditis/; /diseases/cardio/orthostatic-hypotension/; /diseases/cardio/pericarditis/; /diseases/cardio/peripheral-artery-disease/; /diseases/cardio/premature-ventricular-contractions/; /diseases/cardio/stable-angina/; /diseases/cardio/supraventricular-tachycardia/,"심장·혈관 원고의 검사·약물·추적관리 공통 문단이 질환별 구체 정보보다 먼저 반복된다. 원장 제공 Word에도 동일하게 들어 있는 문장으로, 개발자가 새로 만든 경고라고 단정할 수 없다. 다만 사이트 편집 시 반복과 위계를 조정하지 않은 상태다.",20편 전체의 같은 문단을 함께 검토해 질환별 검사·치료·생활관리 내용을 먼저 설명하고 필요한 주의는 해당 상황에 짧게 붙인다. 처방약 조절 안전정보를 일괄 삭제하지 않는다.,C12,질환별 검사·치료 목적·관리·의뢰 이유가 먼저 읽히며 필요한 공통 안전 안내를 유지한다.,content/pages.json:/74/blocks/3/text; content/pages.json:/74/blocks/4/text; content/pages.json:/74/blocks/6/text; content/pages.json:/75/blocks/3/text; content/pages.json:/75/blocks/4/text; content/pages.json:/75/blocks/6/text; content/pages.json:/76/blocks/3/text; content/pages.json:/76/blocks/4/text; content/pages.json:/76/blocks/6/text; content/pages.json:/77/blocks/3/text; content/pages.json:/77/blocks/4/text; content/pages.json:/77/blocks/6/text; content/pages.json:/78/blocks/3/text; content/pages.json:/78/blocks/4/text; content/pages.json:/78/blocks/6/text; content/pages.json:/79/blocks/3/text; content/pages.json:/79/blocks/4/text; content/pages.json:/79/blocks/6/text; content/pages.json:/80/blocks/3/text; content/pages.json:/80/blocks/4/text; content/pages.json:/80/blocks/6/text; content/pages.json:/81/blocks/3/text; content/pages.json:/81/blocks/4/text; content/pages.json:/81/blocks/6/text; content/pages.json:/82/blocks/3/text; content/pages.json:/82/blocks/4/text; content/pages.json:/82/blocks/6/text; content/pages.json:/83/blocks/3/text; content/pages.json:/83/blocks/4/text; content/pages.json:/83/blocks/6/text; content/pages.json:/84/blocks/3/text; content/pages.json:/84/blocks/4/text; content/pages.json:/84/blocks/6/text; content/pages.json:/85/blocks/3/text; content/pages.json:/85/blocks/4/text; content/pages.json:/85/blocks/6/text; content/pages.json:/86/blocks/3/text; content/pages.json:/86/blocks/4/text; content/pages.json:/86/blocks/6/text; content/pages.json:/87/blocks/3/text; content/pages.json:/87/blocks/4/text; content/pages.json:/87/blocks/6/text; content/pages.json:/88/blocks/3/text; content/pages.json:/88/blocks/4/text; content/pages.json:/88/blocks/6/text; content/pages.json:/89/blocks/3/text; content/pages.json:/89/blocks/4/text; content/pages.json:/89/blocks/6/text; content/pages.json:/90/blocks/3/text; content/pages.json:/90/blocks/4/text; content/pages.json:/90/blocks/6/text; content/pages.json:/91/blocks/3/text; content/pages.json:/91/blocks/4/text; content/pages.json:/91/blocks/6/text; content/pages.json:/92/blocks/3/text; content/pages.json:/92/blocks/4/text; content/pages.json:/92/blocks/6/text; content/pages.json:/93/blocks/3/text; content/pages.json:/93/blocks/4/text; content/pages.json:/93/blocks/6/text
F102,E05,P1,계획됨·미착수,/diseases/cardio/acute-myocardial-infarction/; /diseases/cardio/aortic-aneurysm-dissection/; /diseases/cardio/aortic-stenosis/; /diseases/cardio/atherosclerosis/; /diseases/cardio/atrial-fibrillation/; /diseases/cardio/bradyarrhythmia/; /diseases/cardio/carotid-stenosis/; /diseases/cardio/deep-vein-thrombosis/; /diseases/cardio/dilated-cardiomyopathy/; /diseases/cardio/dyslipidemia/; /diseases/cardio/heart-failure/; /diseases/cardio/hypertension/; /diseases/cardio/mitral-regurgitation/; /diseases/cardio/myocarditis/; /diseases/cardio/orthostatic-hypotension/; /diseases/cardio/pericarditis/; /diseases/cardio/peripheral-artery-disease/; /diseases/cardio/premature-ventricular-contractions/; /diseases/cardio/stable-angina/; /diseases/cardio/supraventricular-tachycardia/,각 질환의 본원 평가·의뢰 조건이 이미 있는데 공통 관상동맥 CT/조영술/입원 의뢰 문단과 전원자료 제공 문단이 모든 질환에 붙는다. 원고에 있는 내용이나 질환과 무관한 검사명까지 반복하는 문제가 있다.,질환별 실제 의뢰 기준을 중심으로 통합하고 전원 시 제공 자료는 필요한 안내로 간결하게 유지한다.,C12,질환별 검사·치료 목적·관리·의뢰 이유가 먼저 읽히며 필요한 공통 안전 안내를 유지한다.,content/pages.json:/74/blocks/7/paragraphs/1; content/pages.json:/74/blocks/8/paragraphs/0; content/pages.json:/75/blocks/7/paragraphs/0; content/pages.json:/75/blocks/8/paragraphs/0; content/pages.json:/76/blocks/7/paragraphs/0; content/pages.json:/76/blocks/8/paragraphs/0; content/pages.json:/77/blocks/7/paragraphs/0; content/pages.json:/77/blocks/8/paragraphs/0; content/pages.json:/78/blocks/7/paragraphs/0; content/pages.json:/78/blocks/8/paragraphs/0; content/pages.json:/79/blocks/7/paragraphs/1; content/pages.json:/79/blocks/8/paragraphs/0; content/pages.json:/80/blocks/7/paragraphs/0; content/pages.json:/80/blocks/8/paragraphs/0; content/pages.json:/81/blocks/7/paragraphs/0; content/pages.json:/81/blocks/8/paragraphs/0; content/pages.json:/82/blocks/7/paragraphs/0; content/pages.json:/82/blocks/8/paragraphs/0; content/pages.json:/83/blocks/7/paragraphs/0; content/pages.json:/83/blocks/8/paragraphs/0; content/pages.json:/84/blocks/7/paragraphs/0; content/pages.json:/84/blocks/8/paragraphs/0; content/pages.json:/85/blocks/7/paragraphs/0; content/pages.json:/85/blocks/8/paragraphs/0; content/pages.json:/86/blocks/7/paragraphs/0; content/pages.json:/86/blocks/8/paragraphs/0; content/pages.json:/87/blocks/7/paragraphs/0; content/pages.json:/87/blocks/8/paragraphs/0; content/pages.json:/88/blocks/7/paragraphs/0; content/pages.json:/88/blocks/8/paragraphs/0; content/pages.json:/89/blocks/7/paragraphs/0; content/pages.json:/89/blocks/8/paragraphs/0; content/pages.json:/90/blocks/7/paragraphs/0; content/pages.json:/90/blocks/8/paragraphs/0; content/pages.json:/91/blocks/7/paragraphs/1; content/pages.json:/91/blocks/8/paragraphs/0; content/pages.json:/92/blocks/7/paragraphs/0; content/pages.json:/92/blocks/8/paragraphs/0; content/pages.json:/93/blocks/7/paragraphs/0; content/pages.json:/93/blocks/8/paragraphs/0
F103,E05,P1,계획됨·미착수,/diseases/cardio/aortic-stenosis/; /diseases/cardio/atherosclerosis/; /diseases/cardio/atrial-fibrillation/; /diseases/cardio/bradyarrhythmia/; /diseases/cardio/carotid-stenosis/; /diseases/cardio/deep-vein-thrombosis/; /diseases/cardio/dilated-cardiomyopathy/; /diseases/cardio/dyslipidemia/; /diseases/cardio/heart-failure/; /diseases/cardio/hypertension/; /diseases/cardio/mitral-regurgitation/; /diseases/cardio/myocarditis/; /diseases/cardio/orthostatic-hypotension/; /diseases/cardio/pericarditis/; /diseases/cardio/peripheral-artery-disease/; /diseases/cardio/premature-ventricular-contractions/; /diseases/cardio/stable-angina/; /diseases/cardio/supraventricular-tachycardia/,“기억할 점”이 질환명만 바꾼 원인·중증도 다양/증상 판단 금지/초기평가·의뢰 공통 결론이다. 원고와 일치하지만 각 글에서 기억할 고유한 핵심이 빠진다.,질환별 핵심 관리와 위험 신호를 요약한다. 특히 급성 질환에서는 안정적 의원 관리라는 공통 결론이 맞는지 따로 검토한다.,C12,질환별 검사·치료 목적·관리·의뢰 이유가 먼저 읽히며 필요한 공통 안전 안내를 유지한다.,content/pages.json:/74/blocks/10/text; content/pages.json:/75/blocks/10/text; content/pages.json:/76/blocks/10/text; content/pages.json:/77/blocks/10/text; content/pages.json:/79/blocks/10/text; content/pages.json:/80/blocks/10/text; content/pages.json:/81/blocks/10/text; content/pages.json:/82/blocks/10/text; content/pages.json:/83/blocks/10/text; content/pages.json:/84/blocks/10/text; content/pages.json:/85/blocks/10/text; content/pages.json:/86/blocks/10/text; content/pages.json:/87/blocks/10/text; content/pages.json:/88/blocks/10/text; content/pages.json:/89/blocks/10/text; content/pages.json:/90/blocks/10/text; content/pages.json:/91/blocks/10/text; content/pages.json:/93/blocks/10/text
F104,E05,P2,계획됨·미착수,/diseases/cardio/acute-myocardial-infarction/; /diseases/cardio/aortic-aneurysm-dissection/; /diseases/cardio/aortic-stenosis/; /diseases/cardio/atherosclerosis/; /diseases/cardio/atrial-fibrillation/; /diseases/cardio/bradyarrhythmia/; /diseases/cardio/carotid-stenosis/; /diseases/cardio/deep-vein-thrombosis/; /diseases/cardio/dilated-cardiomyopathy/; /diseases/cardio/dyslipidemia/; /diseases/cardio/heart-failure/; /diseases/cardio/hypertension/; /diseases/cardio/mitral-regurgitation/; /diseases/cardio/myocarditis/; /diseases/cardio/orthostatic-hypotension/; /diseases/cardio/pericarditis/; /diseases/cardio/peripheral-artery-disease/; /diseases/cardio/premature-ventricular-contractions/; /diseases/cardio/stable-angina/; /diseases/cardio/supraventricular-tachycardia/,질환별 검색 요약이 질환명만 달라지고 “의미·원인·증상·진단·치료를 확인하세요/상황을 안내합니다”라는 목차 소개로 동일하다.,질환의 의미와 그 페이지의 핵심 답변을 짧게 요약한다. 최적화 효과를 약속하지 않는다.,,질환별 검사·치료 목적·관리·의뢰 이유가 먼저 읽히며 필요한 공통 안전 안내를 유지한다.,content/pages.json:/74/description; content/pages.json:/75/description; content/pages.json:/76/description; content/pages.json:/77/description; content/pages.json:/78/description; content/pages.json:/79/description; content/pages.json:/80/description; content/pages.json:/81/description; content/pages.json:/82/description; content/pages.json:/83/description; content/pages.json:/84/description; content/pages.json:/85/description; content/pages.json:/86/description; content/pages.json:/87/description; content/pages.json:/88/description; content/pages.json:/89/description; content/pages.json:/90/description; content/pages.json:/91/description; content/pages.json:/92/description; content/pages.json:/93/description
F105,E05,P1,계획됨·미착수,/diseases/cardio/atrial-fibrillation/,“평생 먹어야 하나요”라는 질문에 약의 목적 차이와 임의 중단 경고만 답하고 지속·조정 판단을 설명하지 않는다. 이 문답은 원장 제공 Word와 일치한다.,맥박/리듬 조절약과 항응고제의 지속 판단이 어떻게 다른지 의료 검토 후 짧게 답하고 임의 중단 주의를 뒤에 둔다.,C12,질환별 검사·치료 목적·관리·의뢰 이유가 먼저 읽히며 필요한 공통 안전 안내를 유지한다.,content/pages.json:/80/questions/0/question; content/pages.json:/80/questions/0/answer
F106,E05,P1,계획됨·미착수,/diseases/cardio/premature-ventricular-contractions/,“바로 응급실” 목록에 현재 실신/흉통과 함께 가족 중 젊은 급사 병력·심장기능 저하가 조건 구분 없이 섞인다. 가족력만 있는 독자가 곧바로 응급실로 가야 한다고 읽을 수 있다. 원고에도 동일하다.,현재 응급 증상과 전문 평가가 필요한 위험 배경을 의료진 검토 후 구분한다.,C12,질환별 검사·치료 목적·관리·의뢰 이유가 먼저 읽히며 필요한 공통 안전 안내를 유지한다.,content/pages.json:/82/blocks/5/heading; content/pages.json:/82/blocks/5/items/2; content/pages.json:/82/blocks/5/items/4
F107,E05,P2,계획됨·미착수,/diseases/cardio/premature-ventricular-contractions/,“하루 몇 번”을 묻고 횟수로 판단하지 않는다는 원칙만 설명한다. 의미 있는 지표인 전체 박동 중 비율도 정의되지 않는다.,부담률의 뜻과 결과지에서 확인할 항목을 쉽게 설명하고 수치 기준이 필요하면 의료 검토 후 조건과 함께 제시한다.,C12,질환별 검사·치료 목적·관리·의뢰 이유가 먼저 읽히며 필요한 공통 안전 안내를 유지한다.,content/pages.json:/82/questions/1/question; content/pages.json:/82/questions/1/answer
F108,E05,P2,계획됨·미착수,/diseases/cardio/mitral-regurgitation/,초음파 주기를 묻는데 “경미하면 길고 중등도 이상이면 더 자주”라는 상대 표현만 있다.,검사 간격을 설명할 수 있는 질환별 범위를 의료진과 검토하고 다음 검사일이 정해지는 기준을 구체화한다.,C12,질환별 검사·치료 목적·관리·의뢰 이유가 먼저 읽히며 필요한 공통 안전 안내를 유지한다.,content/pages.json:/84/questions/1/question; content/pages.json:/84/questions/1/answer
F109,E05,P2,계획됨·미착수,/diseases/cardio/bradyarrhythmia/; /diseases/cardio/mitral-regurgitation/,"환자가 판단할 치료/응급 조건을 “증상성 동기능부전”, “고도 방실차단”, “심잡음·색전 증상” 같은 전문 용어만으로 설명한다.",용어를 쉬운 말로 풀고 환자가 느끼는 신호와 의료진이 검사로 확인하는 소견을 구분한다.,C12,질환별 검사·치료 목적·관리·의뢰 이유가 먼저 읽히며 필요한 공통 안전 안내를 유지한다.,content/pages.json:/83/blocks/4/items/3; content/pages.json:/83/questions/2/answer; content/pages.json:/84/blocks/5/items/3
F110,E05,P2,계획됨·미착수,/diseases/cardio/carotid-stenosis/,“뇌졸중 FAST 증상 숙지”는 무엇을 알아야 한다는 요구만 적었고 약어의 뜻이나 기억할 행동을 설명하지 않는다. 같은 페이지에 실제 증상은 있다.,얼굴·팔·말의 변화와 즉시 119라는 내용을 환자 언어로 풀어 기존 위험 신호에 연결한다.,,질환별 검사·치료 목적·관리·의뢰 이유가 먼저 읽히며 필요한 공통 안전 안내를 유지한다.,content/pages.json:/89/blocks/6/items/2
F111,E02,P2,계획됨·미착수,/services/heart/ambulatory-blood-pressure/; /conditions/kidney/function/; /conditions/thyroid-carotid-neck/thyroid/,"짧은 진료 소개에서 “약 용량을 스스로 바꾸지 말고”, “단정하지 말고 상담”, “무조건 물을 많이 마시지”, “결과만 보고 약을 바꾸지”가 설명의 결말로 반복된다. 약물·수분 안전조건은 필요하지만 정보를 알리는 문장보다 금지와 상담 지시가 앞선다.",치료/검사 목적과 달라지는 조건을 먼저 직접 설명하고 실제 약물·수분 조정 주의는 해당 항목에 구체적으로 둔다.,,검사별 목적·준비·기록 또는 결과 범위가 다르며 FAQ가 같은 본문 사실에 직접 답한다.,content/pages.json:/100/blocks/2/text; content/pages.json:/104/blocks/0/text; content/pages.json:/104/blocks/1/text; content/pages.json:/107/blocks/0/text
F112,E02,P1,계획됨·미착수,/services/heart/ambulatory-blood-pressure/,활동혈압 검사의 “착용과 생활 기록” 항목은 기록할 내용은 제공하지만 착용·기기 사용법은 안내받으라는 지시만 있다. 본원 장비를 명시한 만큼 실제 착용 시 주의 안내가 필요하다.,본원 장비 안내서에서 검증한 착용·물 접촉·충전/재착용 등의 필요한 항목과 반납 절차를 확인해 제공한다. 장비 기능은 임의 추정하지 않는다.,C03,검사별 목적·준비·기록 또는 결과 범위가 다르며 FAQ가 같은 본문 사실에 직접 답한다.,content/pages.json:/107/blocks/1/text
F113,E04,P1,계획됨·미착수,/symptoms/cardio/blood-pressure-180/; /symptoms/cardio/chest-pressure-sweating/; /symptoms/cardio/chest-tightness-causes/; /symptoms/cardio/epigastric-pain-heart/; /symptoms/cardio/exertional-chest-pain/; /symptoms/cardio/exertional-dyspnea/; /symptoms/cardio/family-history-heart-disease/; /symptoms/cardio/fatigue-exercise-intolerance/; /symptoms/cardio/irregular-skipped-heartbeat/; /symptoms/cardio/leg-edema-dyspnea/; /symptoms/cardio/orthopnea-leg-edema/; /symptoms/cardio/orthostatic-dizziness-low-bp/; /symptoms/cardio/presyncope-cardiac-evaluation/; /symptoms/cardio/radiating-chest-pain-119/; /symptoms/cardio/rapid-heart-rate/; /symptoms/cardio/rapid-weight-gain-edema/; /symptoms/cardio/recurrent-palpitations-normal-ecg/; /symptoms/cardio/slow-heart-rate-dizziness/; /symptoms/cardio/syncope-emergency/; /symptoms/cardio/valve-regurgitation-follow-up/,증상백과 20편의 “결과 상담과 다음 진료”가 모두 같은 문장이다. 검사 결과를 이미 받은 사람을 가정해 최초 증상·응급 행동을 찾는 페이지와도 문맥이 맞지 않는다.,20편 전체에서 증상별 다음 행동과 추적 조건을 작성하고 결과 상담 안내가 필요한 페이지에만 둔다.,,각 제목의 질문과 증상 시점에 맞는 답·행동이 있고 동일한 검사 후 결론을 일괄 붙이지 않는다.,content/pages.json:/108/blocks/3/text; content/pages.json:/109/blocks/3/text; content/pages.json:/110/blocks/3/text; content/pages.json:/111/blocks/3/text; content/pages.json:/112/blocks/3/text; content/pages.json:/113/blocks/3/text; content/pages.json:/114/blocks/3/text; content/pages.json:/115/blocks/3/text; content/pages.json:/116/blocks/3/text; content/pages.json:/117/blocks/3/text; content/pages.json:/118/blocks/3/text; content/pages.json:/119/blocks/3/text; content/pages.json:/120/blocks/3/text; content/pages.json:/121/blocks/3/text; content/pages.json:/122/blocks/3/text; content/pages.json:/123/blocks/3/text; content/pages.json:/124/blocks/3/text; content/pages.json:/125/blocks/3/text; content/pages.json:/126/blocks/3/text; content/pages.json:/127/blocks/3/text
F114,E04,P1,계획됨·미착수,/symptoms/cardio/chest-tightness-causes/,심장·폐·위식도 원인을 “어떻게 구분하나”라는 제목인데 활동/기침/식후 양상을 나열할 뿐 각각 어떤 원인의 단서인지 설명하지 않고 확정 불가·검사 선택으로 끝난다.,각 양상이 어떤 평가로 이어지는지 독자가 이해할 비교 설명을 제공하고 위험 신호 및 증상만으로 확진할 수 없는 한계를 함께 설명한다.,C12,각 제목의 질문과 증상 시점에 맞는 답·행동이 있고 동일한 검사 후 결론을 일괄 붙이지 않는다.,content/pages.json:/109/title; content/pages.json:/109/description; content/pages.json:/109/intro; content/pages.json:/109/blocks/0/text; content/pages.json:/109/blocks/1/heading; content/pages.json:/109/blocks/1/text
F115,E04,P1,계획됨·미착수,/symptoms/cardio/exertional-chest-pain/,운동 시 흉통에서 협심증 검사를 먼저 해야 하는지 묻지만 “위험도에 따라 선택/추가검사나 의뢰”라는 과정 설명만 있다.,"우선 진료와 심전도 등 초기 평가, 추가 관상동맥 평가가 필요한 상황, 응급 행동을 단계별로 직접 설명한다.",C12,각 제목의 질문과 증상 시점에 맞는 답·행동이 있고 동일한 검사 후 결론을 일괄 붙이지 않는다.,content/pages.json:/111/title; content/pages.json:/111/blocks/1/heading; content/pages.json:/111/blocks/1/text
F116,E04,P1,계획됨·미착수,/symptoms/cardio/irregular-skipped-heartbeat/,심방세동과 조기수축을 묻는 글에서 두 리듬의 의미·차이는 빠지고 느낌만으로 확정 불가와 약을 시작하지 말라는 지시가 중심이다.,두 부정맥의 차이와 기록 검사의 목적을 쉬운 말로 설명하고 확인 전 약 복용 경고는 필요한 범위로 한정한다.,C12,각 제목의 질문과 증상 시점에 맞는 답·행동이 있고 동일한 검사 후 결론을 일괄 붙이지 않는다.,content/pages.json:/113/title; content/pages.json:/113/description; content/pages.json:/113/intro; content/pages.json:/113/blocks/0/text; content/pages.json:/113/blocks/1/text
F117,E04,P1,계획됨·미착수,/symptoms/cardio/rapid-heart-rate/,제목은 긴장과 위험 빈맥을 확인하는 법인데 두 번째 핵심 문단이 “원인 평가를 정합니다”와 타인 약/목 마사지 금지로 끝난다.,안정 중 지속/발작 양상/동반 증상별 행동을 먼저 설명하고 금지사항은 실제 이유와 함께 보조 정보로 둔다.,C12,각 제목의 질문과 증상 시점에 맞는 답·행동이 있고 동일한 검사 후 결론을 일괄 붙이지 않는다.,content/pages.json:/114/title; content/pages.json:/114/blocks/1/heading; content/pages.json:/114/blocks/1/text
F118,E04,P2,계획됨·미착수,/symptoms/cardio/slow-heart-rate-dizziness/,“평소 운동량이 많다는 이유만으로 증상을 넘기지 마세요”가 독자 행동을 가정한 경고다.,운동으로 인한 평소 느린 맥박과 어지럼·실신을 동반한 새로운 증상을 구분해 설명한다.,,각 제목의 질문과 증상 시점에 맞는 답·행동이 있고 동일한 검사 후 결론을 일괄 붙이지 않는다.,content/pages.json:/115/description; content/pages.json:/115/intro
F119,E04,P1,계획됨·미착수,/symptoms/cardio/exertional-dyspnea/,심장·폐·빈혈을 어떻게 구분하는지 약속하지만 각 원인과 검사 역할을 설명하지 않고 기록/검사 선택/모두 검사하지 않는다는 말로 끝난다.,심장·폐·빈혈 평가에서 확인하는 단서와 검사 목적을 구체적으로 설명하고 긴급 호흡곤란 행동은 유지한다.,C12,각 제목의 질문과 증상 시점에 맞는 답·행동이 있고 동일한 검사 후 결론을 일괄 붙이지 않는다.,content/pages.json:/118/title; content/pages.json:/118/blocks/0/text; content/pages.json:/118/blocks/1/text
F120,E04,P1,계획됨·미착수,/symptoms/cardio/leg-edema-dyspnea/,제목은 장기 문제를 확인하는 “순서”를 약속하고 본문은 “정해진 장기 순서가 아니다”라는 해명을 한다.,응급 신호→한쪽/양쪽→동반 증상과 필요한 평가라는 실제 진료 판단 흐름에 맞춰 제목과 본문을 정리한다.,C12,각 제목의 질문과 증상 시점에 맞는 답·행동이 있고 동일한 검사 후 결론을 일괄 붙이지 않는다.,content/pages.json:/120/title; content/pages.json:/120/blocks/1/heading; content/pages.json:/120/blocks/1/text
F121,E04,P2,계획됨·미착수,/symptoms/cardio/rapid-weight-gain-edema/,체액 증가를 이해하려는 글의 두 번째 핵심 항목이 약을 늘리지 말라는 경고로 배치된다. 약 조절 지침은 기존 심부전 치료 환자에게 필요한 별도 상황이다.,체중 증가·부종·소변 변화의 의미를 먼저 설명하고 기존 심부전 환자의 개인 지침을 별도 조건으로 둔다.,,각 제목의 질문과 증상 시점에 맞는 답·행동이 있고 동일한 검사 후 결론을 일괄 붙이지 않는다.,content/pages.json:/121/blocks/1/heading; content/pages.json:/121/blocks/1/text
F122,E04,P1,계획됨·미착수,/symptoms/cardio/fatigue-exercise-intolerance/,심장·빈혈·갑상선을 확인하는 이유라는 제목인데 해당 질환이 피로/운동능력과 어떻게 연결되는지 설명하지 않는다. 영양제/수액부터 쓰지 말라는 경고가 대신 들어간다.,각 원인과 증상의 관계 및 본원 평가 내용을 간략히 제공하고 불필요한 동기 추정 경고를 정리한다.,C12,각 제목의 질문과 증상 시점에 맞는 답·행동이 있고 동일한 검사 후 결론을 일괄 붙이지 않는다.,content/pages.json:/122/title; content/pages.json:/122/description; content/pages.json:/122/intro; content/pages.json:/122/blocks/1/text
F123,E04,P1,계획됨·미착수,/symptoms/cardio/valve-regurgitation-follow-up/,추적간격을 정하는 법이라는 제목이 결과를 설명받기/수술·간격을 정할 수 없기/다른 글 보기로 채워진다. 연결된 건강정보와 질환백과에도 주기 설명이 상대 표현 위주라 링크만으로 답이 완성되지 않는다.,3개 관련 판막 페이지의 역할을 구분하고 핵심 답을 각 진입 페이지에서 읽을 수 있도록 정리한다. 의료 확인이 필요한 검사 간격은 근거를 확보한다.,C12,각 제목의 질문과 증상 시점에 맞는 답·행동이 있고 동일한 검사 후 결론을 일괄 붙이지 않는다.,content/pages.json:/125/title; content/pages.json:/125/blocks/0/text; content/pages.json:/125/blocks/1/text
F124,E04,P2,계획됨·미착수,/symptoms/cardio/family-history-heart-disease/,“증상이 없다고 가족력이 없어지는 것은 아닙니다”는 환자에게 필요한 위험평가 내용을 상식적 부정문으로 반복한다.,가족 진단별 필요한 본인 위험평가와 검사 조건을 직접 설명한다.,,각 제목의 질문과 증상 시점에 맞는 답·행동이 있고 동일한 검사 후 결론을 일괄 붙이지 않는다.,content/pages.json:/126/blocks/1/text
F125,E04,P2,계획됨·미착수,/symptoms/cardio/radiating-chest-pain-119/,제목은 119를 “고려”하지만 도입은 구체 위험 조건에서 “즉시 연락”이다. 긴급 행동의 강도가 다르다.,위험 조건과 제목의 행동 강도를 맞춘다.,C12,각 제목의 질문과 증상 시점에 맞는 답·행동이 있고 동일한 검사 후 결론을 일괄 붙이지 않는다.,content/pages.json:/127/title; content/pages.json:/127/description; content/pages.json:/127/intro
F126,E08,P2,계획됨·미착수,/copyright/,저작권·이용 안내에 공통 건강정보 제한 문구와 개인 치료법처럼 전달하지 말라는 경고가 다시 붙는다. 공유 시 문맥 보존은 앞 항목에도 있다.,사이트 이용에 필요한 출처/문맥 유지 안내로 정리하고 공통 의료 안내를 불필요하게 반복하지 않는다.,,관련 링크 앞·본문·푸터의 의미 중복을 정리하고 요청된 안전·예약·이용 안내 및 사례 원문 연결을 보존한다.,content/pages.json:/128/blocks/3/text
F127,E10,P1,계획됨·미착수,공지 6개 카드와 홈 최근 공지,공지 카드 요약이 연령·대상·일정의 핵심을 직접 보여주기보다 확인/문의할 목록으로 쓰였다. 일부는 바로 아래 본문에 대상과 날짜가 이미 있다. 미확인 본원 참여 여부와 공식 사업 요건은 구분해야 한다.,카드와 첫 문장에 확인된 대상·시작일·준비자료를 직접 요약한다. 본원 지원접종 가능 여부는 두 미확인 사업에서 단정하지 않는다.,C09; C10; C14,공식 대상·기간·백신과 본원 가능 여부를 구분하고 기준일 통계의 핵심과 예방 행동을 설명한다.,content/notices.json:/0/summary; content/notices.json:/2/availability; content/notices.json:/3/summary; content/notices.json:/4/summary
F128,E10,P1,계획됨·미착수,9월 17일 감염병 공지,감염병 자료 기반 가족 예방 가이드 요청에 해당 주차의 어떤 감염병/지표가 주목할 만한지 설명이 없다. 통계의 한계와 일반 위생수칙만 있어 원문 자료를 활용한 핵심 해설이 빠졌다.,해당 주차 공식 자료에서 해석 가능한 핵심 지표와 가족의 예방 행동을 연결한다. 과거 주차를 현재 유행으로 바꾸어 쓰지 않는다.,,공식 대상·기간·백신과 본원 가능 여부를 구분하고 기준일 통계의 핵심과 예방 행동을 설명한다.,content/notices.json:/5/title; content/notices.json:/5/summary; content/notices.json:/5/paragraphs/0; content/notices.json:/5/paragraphs/1
F129,E11,P2,회귀 확인만,안내도 4개 캡션,서로 다른 4개 안내도 캡션이 모두 자세한 준비는 본문/개별 진료 안내를 확인하라는 문구로 끝난다. 검사 후 관리 그림에도 준비라는 틀을 적용한다.,그림의 목적을 짧게 나타내고 실제 자세한 안내 위치를 연결한다.,,원본을 유지하며 모든 핵심 항목의 HTML 위치·조건·출처를 대응표에서 추적하고 모바일에서도 텍스트를 읽을 수 있다.,content/visuals.json:/diagrams/0/caption; content/visuals.json:/diagrams/1/caption; content/visuals.json:/diagrams/2/caption; content/visuals.json:/diagrams/3/caption
F130,E11,P1,계획됨·미착수,내시경·시술 후·검진 HTML 안내,실용형 안내도의 핵심 단계가 개별 안내를 따르기/재개 시각 확인/발급일 문의로 채워져 있다. 해당 본문도 같은 지시를 반복하는 경우 그림을 읽어도 실제 준비와 회복 행동이 완성되지 않는다.,"제공 원본 이미지는 보존하고, 준비·회복·검진 핵심 정보를 본원 지침과 대조해 HTML 표·목록으로 제공한다. 원본 수치의 적용 범위와 본문을 맞추며 이미지를 새로 그리지 않는다.",C01; C02,원본을 유지하며 모든 핵심 항목의 HTML 위치·조건·출처를 대응표에서 추적하고 모바일에서도 텍스트를 읽을 수 있다.,content/visuals.json:/diagrams/1/steps/2/title; content/visuals.json:/diagrams/1/steps/2/text; content/visuals.json:/diagrams/1/note; content/visuals.json:/diagrams/2/steps/1/title; content/visuals.json:/diagrams/2/steps/1/text; content/visuals.json:/diagrams/2/steps/2/text; content/visuals.json:/diagrams/3/steps/1/text; content/visuals.json:/diagrams/3/steps/3/text; content/visuals.json:/diagrams/3/note
F131,E11,P2,계획됨·미착수,심장검사 HTML 주의문,“새로 생긴 심한 증상을 무시하지 마세요”는 환자가 무시한다고 가정한다. 필요한 긴급 행동은 같은 그림 첫 단계에도 있다.,심장검사 안내도 아래 HTML 주의문에서 행동과 조건을 직접 설명한다. 이미지에 포함된 원문을 임의로 수정하지 않는다.,,원본을 유지하며 모든 핵심 항목의 HTML 위치·조건·출처를 대응표에서 추적하고 모바일에서도 텍스트를 읽을 수 있다.,content/visuals.json:/diagrams/0/note
F132,E07,P2,계획됨·미착수,공통 주차 문구,지하주차장 위치는 알려주지만 지원 조건은 다시 접수에서 확인하도록 한다. 무료시간/등록방법은 현재 자료만으로 확정할 수 없다.,실제 주차 지원 시간과 등록 절차를 병원에서 확인한 뒤 방문 안내에 제공한다.,C06,확인된 위치·진료시간·발급 안내는 직접 제공하고 미확인 지원·요금·마감만 따로 남긴다.,content/clinic.json:/parkingNote
F133,E08,P2,계획됨·미착수,사례 원문 링크 제목,"사례 제목에 “증례 진단 사례”, “사례 진단 사례”, “진단사례. 진단 사례”, 마침표 뒤 진단 사례 등 일괄 접미어 흔적이 남는다.",원문으로 연결하는 기능과 출처를 유지하면서 중복 단어·문장부호를 정리한다.,,관련 링크 앞·본문·푸터의 의미 중복을 정리하고 요청된 안전·예약·이용 안내 및 사례 원문 연결을 보존한다.,content/case-links.json:/2/title; content/case-links.json:/3/title; content/case-links.json:/5/title; content/case-links.json:/6/title; content/case-links.json:/7/title; content/case-links.json:/8/title; content/case-links.json:/9/title; content/case-links.json:/15/title; content/case-links.json:/17/title; content/case-links.json:/18/title; content/case-links.json:/23/title; content/case-links.json:/24/title
F134,E08,P1,계획됨·미착수,공통 의료정보 하단·전역 푸터,의학정보 글 하단에 원장 요청의 공통 안전 안내가 있는데 전역 푸터에서도 개인별 진료/검사 준비는 의료진 안내를 확인하라고 반복한다. 원문 적용규칙은 전역 푸터와 중복되지 않게 한 번 출력하도록 했다.,원장 요청의 공통 안전 안내를 유지하며 HTML 본문·전역 푸터·관련 안내의 의미 중복을 정리한다. 제공 이미지 자체의 문구는 변경 대상에서 제외한다.,,관련 링크 앞·본문·푸터의 의미 중복을 정리하고 요청된 안전·예약·이용 안내 및 사례 원문 연결을 보존한다.,web/scripts/render-patient-diagrams.mjs:image-overlay; web/src/components/chrome.tsx:line:104; web/src/lib/article-guidance.mjs:line:32
F135,E07,P2,계획됨·미착수,방문 안내 길찾기,길찾기 도식을 보여주면서 실제 거리·방향을 나타낸 지도가 아니라는 설명을 별도로 붙인다. 목적에 맞지 않는 그림을 경고로 보완하는 형태다.,역 출구·건물·층수와 실제 지도 링크를 중심으로 필요한 길찾기 정보를 제공한다.,,확인된 위치·진료시간·발급 안내는 직접 제공하고 미확인 지원·요금·마감만 따로 남긴다.,web/src/components/content.tsx:line:634
F136,E07,P2,계획됨·미착수,방문 안내 공통 문구,방문 안내 끝에 준비·최종 접수·당일 가능 여부를 모두 병원에 확인하라고 반복한다. 확인된 시간/예약 원칙과 미확인 운영사항이 분리되지 않는다.,확인된 접수/예약 원칙을 먼저 제공하고 변동되는 검사별 마감만 구체적으로 문의 안내한다.,C07,확인된 위치·진료시간·발급 안내는 직접 제공하고 미확인 지원·요금·마감만 따로 남긴다.,web/src/components/content.tsx:line:641
F137,E07,P2,계획됨·미착수,병원 소개 렌더러,병원 소개의 세 가치 문단이 검사·진료·방문 정보를 안내/확인할 수 있다는 홈페이지 기능 설명이다. 이 병원의 진료 특징이나 환자가 얻는 도움을 구체적으로 설명하지 않는다.,검증된 의료진 전문분야·본원 가능 진료·검사 및 진료 연계 방식을 실제 정보로 풀어낸다.,,확인된 위치·진료시간·발급 안내는 직접 제공하고 미확인 지원·요금·마감만 따로 남긴다.,web/src/components/content.tsx:line:659; web/src/components/content.tsx:line:660; web/src/components/content.tsx:line:663; web/src/components/content.tsx:line:664; web/src/components/content.tsx:line:667; web/src/components/content.tsx:line:668
F138,E07,P1,계획됨·미착수,비용·서류 렌더러,비용·서류 페이지가 실제 요금/발급 안내 대신 전화할 때 물어볼 항목을 렌더러에서 추가한다. 본문 부족을 문의 체크리스트로 메우는 구조다.,본원의 확인된 비용표와 서류별 기본 준비·발급기간을 제공하고 추가 비용이 생기는 조건을 설명한다.,C04; C08,확인된 위치·진료시간·발급 안내는 직접 제공하고 미확인 지원·요금·마감만 따로 남긴다.,web/src/components/content.tsx:line:891; web/src/components/content.tsx:line:893; web/src/components/content.tsx:line:894; web/src/components/content.tsx:line:895; web/src/components/content.tsx:line:896; web/src/components/content.tsx:line:899
F139,E10,P2,계획됨·미착수,공지 공통 머리말,공지 전체 머리말에서 대상/백신 확인을 요구하고 각 공지의 요약·가용성 문단에서 동일한 요구가 반복된다.,공통 운영 안내는 한곳에 모으고 카드에는 사업별 핵심 조건과 본원 참여 확인 상태를 구분한다.,C09; C10,공식 대상·기간·백신과 본원 가능 여부를 구분하고 기준일 통계의 핵심과 예방 행동을 설명한다.,web/src/components/notices.tsx:line:89
