old_url,new_path,decision,redirect_execution,old_document
https://yttop.co.kr/,/,map_after_target_approved,not_implemented_requires_old_host,research/2026-09-11-yttop/pages/p-db394c63d966.md
https://yttop.co.kr/MAIN2,/,map_after_target_approved,not_implemented_requires_old_host,research/2026-09-11-yttop/pages/p-dab6796f2417.md
https://yttop.co.kr/home,/,map_after_target_approved,not_implemented_requires_old_host,research/2026-09-11-yttop/pages/p-874ff0dc9266.md
https://yttop.co.kr/16,/about/,map_after_target_approved,not_implemented_requires_old_host,research/2026-09-11-yttop/pages/p-e006238f837b.md
https://yttop.co.kr/17,/checkups/,map_after_target_approved,not_implemented_requires_old_host,research/2026-09-11-yttop/pages/p-640475d9a6fa.md
https://yttop.co.kr/18,/services/heart/,map_after_target_approved,not_implemented_requires_old_host,research/2026-09-11-yttop/pages/p-cc6a8782fb53.md
https://yttop.co.kr/20,/conditions/,map_after_target_approved,not_implemented_requires_old_host,research/2026-09-11-yttop/pages/p-d8536f70a71b.md
https://yttop.co.kr/21,/cases/,map_after_target_approved,not_implemented_requires_old_host,research/2026-09-11-yttop/pages/p-9c5ede93048d.md
https://yttop.co.kr/23,/services/heart/echocardiography/,map_after_target_approved,not_implemented_requires_old_host,research/2026-09-11-yttop/pages/p-ac95c5ac1753.md
https://yttop.co.kr/24,/services/ultrasound/,map_after_target_approved,not_implemented_requires_old_host,research/2026-09-11-yttop/pages/p-0d2f9d9a903c.md
https://yttop.co.kr/25,/services/ultrasound/abdomen/,map_after_target_approved,not_implemented_requires_old_host,research/2026-09-11-yttop/pages/p-c32f23abb056.md
https://yttop.co.kr/26,/services/ultrasound/thyroid/,map_after_target_approved,not_implemented_requires_old_host,research/2026-09-11-yttop/pages/p-29ff6215119c.md
https://yttop.co.kr/27,/services/ultrasound/bowel/,map_after_target_approved,not_implemented_requires_old_host,research/2026-09-11-yttop/pages/p-f3b3b057bb95.md
https://yttop.co.kr/28,/conditions/chronic-cough/,map_after_target_approved,not_implemented_requires_old_host,research/2026-09-11-yttop/pages/p-dbea466485fd.md
https://yttop.co.kr/29,/conditions/heart-disease/,map_after_target_approved,not_implemented_requires_old_host,research/2026-09-11-yttop/pages/p-3c0235a5aba9.md
https://yttop.co.kr/30,/checkups/cancer-screening/,map_after_target_approved,not_implemented_requires_old_host,research/2026-09-11-yttop/pages/p-32c19f63f158.md
https://yttop.co.kr/31,/checkups/national/,map_after_target_approved,not_implemented_requires_old_host,research/2026-09-11-yttop/pages/p-7fc0feffaab5.md
https://yttop.co.kr/32,/checkups/employment/,map_after_target_approved,not_implemented_requires_old_host,research/2026-09-11-yttop/pages/p-7edf29d95df7.md
https://yttop.co.kr/33,/checkups/drug-screening/,map_after_target_approved,not_implemented_requires_old_host,research/2026-09-11-yttop/pages/p-7193682cfd01.md
https://yttop.co.kr/34,/checkups/tuberculosis/,map_after_target_approved,not_implemented_requires_old_host,research/2026-09-11-yttop/pages/p-7a26c228e179.md
https://yttop.co.kr/35,/checkups/visa/,map_after_target_approved,not_implemented_requires_old_host,research/2026-09-11-yttop/pages/p-4123e08409fa.md
https://yttop.co.kr/36,/services/heart/holter/,map_after_target_approved,not_implemented_requires_old_host,research/2026-09-11-yttop/pages/p-1f24db63fa2c.md
https://yttop.co.kr/37,/services/heart/carotid-ultrasound/,map_after_target_approved,not_implemented_requires_old_host,research/2026-09-11-yttop/pages/p-662713325797.md
https://yttop.co.kr/38,/services/heart/heart-rate-variability/,map_after_target_approved,not_implemented_requires_old_host,research/2026-09-11-yttop/pages/p-fba3e667d9b9.md
https://yttop.co.kr/39,/services/heart/arterial-assessment/,map_after_target_approved,not_implemented_requires_old_host,research/2026-09-11-yttop/pages/p-bebdde1f7726.md
https://yttop.co.kr/40,/services/heart/cardiac-markers/,map_after_target_approved,not_implemented_requires_old_host,research/2026-09-11-yttop/pages/p-a261b16ada34.md
https://yttop.co.kr/41,/about/,map_after_target_approved,not_implemented_requires_old_host,research/2026-09-11-yttop/pages/p-b2f4f22dafc0.md
https://yttop.co.kr/42,/visit/,map_after_target_approved,not_implemented_requires_old_host,research/2026-09-11-yttop/pages/p-fe8b82f8fca1.md
https://yttop.co.kr/43,/visit/,map_after_target_approved,not_implemented_requires_old_host,research/2026-09-11-yttop/pages/p-02bb2fe60567.md
https://yttop.co.kr/44,/notices/,map_after_target_approved,not_implemented_requires_old_host,research/2026-09-11-yttop/pages/p-3d3e7b3ccb84.md
https://yttop.co.kr/46,/conditions/acute-care/,map_after_target_approved,not_implemented_requires_old_host,research/2026-09-11-yttop/pages/p-6869edd4935c.md
https://yttop.co.kr/47,/services/cancer-support/,map_after_target_approved,not_implemented_requires_old_host,research/2026-09-11-yttop/pages/p-97cd7f139f7c.md
https://yttop.co.kr/48,/doctors/,map_after_target_approved,not_implemented_requires_old_host,research/2026-09-11-yttop/pages/p-633110709766.md
https://yttop.co.kr/49,,retire_no_replacement,not_implemented_requires_old_host,research/2026-09-11-yttop/pages/p-d06defb9816f.md
https://yttop.co.kr/?bmode=view&idx=167025586&t=board,/cases/case-167025586/,map_after_target_approved,not_implemented_requires_old_host,research/2026-09-11-yttop/pages/p-707d0d951287.md
https://yttop.co.kr/?bmode=view&idx=165407958&t=board,/cases/case-165407958/,map_after_target_approved,not_implemented_requires_old_host,research/2026-09-11-yttop/pages/p-5ab2f4c232d9.md
https://yttop.co.kr/?bmode=view&idx=165407885&t=board,/cases/case-165407885/,map_after_target_approved,not_implemented_requires_old_host,research/2026-09-11-yttop/pages/p-e549642860df.md
https://yttop.co.kr/?page=1,/,merge_pagination_into_static_index,not_implemented_requires_old_host,research/2026-09-11-yttop/pages/p-a0f193e3d69e.md
https://yttop.co.kr/?page=2,/,merge_pagination_into_static_index,not_implemented_requires_old_host,research/2026-09-11-yttop/pages/p-18b7740a53a7.md
https://yttop.co.kr/?page=3,/,merge_pagination_into_static_index,not_implemented_requires_old_host,research/2026-09-11-yttop/pages/p-028e72101b63.md
https://yttop.co.kr/?page=4,/,merge_pagination_into_static_index,not_implemented_requires_old_host,research/2026-09-11-yttop/pages/p-6763888dfc01.md
https://yttop.co.kr/?page=5,/,merge_pagination_into_static_index,not_implemented_requires_old_host,research/2026-09-11-yttop/pages/p-46baad131af6.md
https://yttop.co.kr/?page=6,/,merge_pagination_into_static_index,not_implemented_requires_old_host,research/2026-09-11-yttop/pages/p-096fa2029779.md
https://yttop.co.kr/?page=7,/,merge_pagination_into_static_index,not_implemented_requires_old_host,research/2026-09-11-yttop/pages/p-3e5a8095597c.md
https://yttop.co.kr/?page=8,/,merge_pagination_into_static_index,not_implemented_requires_old_host,research/2026-09-11-yttop/pages/p-2e5c6d4f48ec.md
https://yttop.co.kr/?page=9,/,merge_pagination_into_static_index,not_implemented_requires_old_host,research/2026-09-11-yttop/pages/p-4b04accc254c.md
https://yttop.co.kr/home/?bmode=view&idx=167025586&t=board,/cases/case-167025586/,map_after_target_approved,not_implemented_requires_old_host,research/2026-09-11-yttop/pages/p-781960bd9afe.md
https://yttop.co.kr/home/?bmode=view&idx=165407958&t=board,/cases/case-165407958/,map_after_target_approved,not_implemented_requires_old_host,research/2026-09-11-yttop/pages/p-eca055f6544b.md
https://yttop.co.kr/home/?bmode=view&idx=165407885&t=board,/cases/case-165407885/,map_after_target_approved,not_implemented_requires_old_host,research/2026-09-11-yttop/pages/p-c9ef770acb7d.md
https://yttop.co.kr/home/?page=1,/,merge_pagination_into_static_index,not_implemented_requires_old_host,research/2026-09-11-yttop/pages/p-2d1e7198bd3e.md
https://yttop.co.kr/home/?page=2,/,merge_pagination_into_static_index,not_implemented_requires_old_host,research/2026-09-11-yttop/pages/p-ddce9c0fec03.md
https://yttop.co.kr/home/?page=3,/,merge_pagination_into_static_index,not_implemented_requires_old_host,research/2026-09-11-yttop/pages/p-6f3c67646e74.md
https://yttop.co.kr/home/?page=4,/,merge_pagination_into_static_index,not_implemented_requires_old_host,research/2026-09-11-yttop/pages/p-c3682dcdf382.md
https://yttop.co.kr/home/?page=5,/,merge_pagination_into_static_index,not_implemented_requires_old_host,research/2026-09-11-yttop/pages/p-5f1696d94440.md
https://yttop.co.kr/home/?page=6,/,merge_pagination_into_static_index,not_implemented_requires_old_host,research/2026-09-11-yttop/pages/p-cdcbe189c6dc.md
https://yttop.co.kr/home/?page=7,/,merge_pagination_into_static_index,not_implemented_requires_old_host,research/2026-09-11-yttop/pages/p-20328e8b7a9a.md
https://yttop.co.kr/home/?page=8,/,merge_pagination_into_static_index,not_implemented_requires_old_host,research/2026-09-11-yttop/pages/p-cabad0d69d69.md
https://yttop.co.kr/home/?page=9,/,merge_pagination_into_static_index,not_implemented_requires_old_host,research/2026-09-11-yttop/pages/p-a8d61e9e1cd7.md
https://yttop.co.kr/21/?bmode=view&idx=167025586&t=board,/cases/case-167025586/,map_after_target_approved,not_implemented_requires_old_host,research/2026-09-11-yttop/pages/p-78e5c3216fae.md
https://yttop.co.kr/21/?bmode=view&idx=165407958&t=board,/cases/case-165407958/,map_after_target_approved,not_implemented_requires_old_host,research/2026-09-11-yttop/pages/p-51bf5faeee7c.md
https://yttop.co.kr/21/?bmode=view&idx=165407885&t=board,/cases/case-165407885/,map_after_target_approved,not_implemented_requires_old_host,research/2026-09-11-yttop/pages/p-adacdbf37b61.md
https://yttop.co.kr/21/?page=1,/cases/,merge_pagination_into_static_index,not_implemented_requires_old_host,research/2026-09-11-yttop/pages/p-7cb0a000afff.md
https://yttop.co.kr/21/?page=2,/cases/,merge_pagination_into_static_index,not_implemented_requires_old_host,research/2026-09-11-yttop/pages/p-f2b875b1a84e.md
https://yttop.co.kr/21/?page=3,/cases/,merge_pagination_into_static_index,not_implemented_requires_old_host,research/2026-09-11-yttop/pages/p-cee525edb767.md
https://yttop.co.kr/21/?page=4,/cases/,merge_pagination_into_static_index,not_implemented_requires_old_host,research/2026-09-11-yttop/pages/p-f508b74f7e80.md
https://yttop.co.kr/21/?page=5,/cases/,merge_pagination_into_static_index,not_implemented_requires_old_host,research/2026-09-11-yttop/pages/p-7128d92ff68f.md
https://yttop.co.kr/21/?page=6,/cases/,merge_pagination_into_static_index,not_implemented_requires_old_host,research/2026-09-11-yttop/pages/p-a7d417881fe3.md
https://yttop.co.kr/21/?page=7,/cases/,merge_pagination_into_static_index,not_implemented_requires_old_host,research/2026-09-11-yttop/pages/p-84df4c65b9fe.md
https://yttop.co.kr/21/?page=8,/cases/,merge_pagination_into_static_index,not_implemented_requires_old_host,research/2026-09-11-yttop/pages/p-b5fc3d3a2a50.md
https://yttop.co.kr/21/?page=9,/cases/,merge_pagination_into_static_index,not_implemented_requires_old_host,research/2026-09-11-yttop/pages/p-4266166451c7.md
https://yttop.co.kr/44/?bmode=view&idx=172420973&t=board,/notices/screening-evaluation/,map_after_target_approved,not_implemented_requires_old_host,research/2026-09-11-yttop/pages/p-8a81def8eb2e.md
https://yttop.co.kr/44/?bmode=view&idx=172420773&t=board,/notices/drug-certificate/,map_after_target_approved,not_implemented_requires_old_host,research/2026-09-11-yttop/pages/p-17e441447746.md
https://yttop.co.kr/44/?bmode=view&idx=166166318&t=board,/notices/pathfast/,map_after_target_approved,not_implemented_requires_old_host,research/2026-09-11-yttop/pages/p-3aadf659fd5d.md
https://yttop.co.kr/44/?bmode=view&idx=165787604&t=board,/notices/closure-2025-06-24/,map_after_target_approved,not_implemented_requires_old_host,research/2026-09-11-yttop/pages/p-bcfbbcb79756.md
https://yttop.co.kr/44/?bmode=view&idx=165253784&t=board,/notices/mammography-equipment/,map_after_target_approved,not_implemented_requires_old_host,research/2026-09-11-yttop/pages/p-b87a0477e07a.md
https://yttop.co.kr/?bmode=view&idx=165407798&t=board,/cases/case-165407798/,map_after_target_approved,not_implemented_requires_old_host,research/2026-09-11-yttop/pages/p-aaac8161c759.md
https://yttop.co.kr/?bmode=view&idx=165396339&t=board,/cases/case-165396339/,map_after_target_approved,not_implemented_requires_old_host,research/2026-09-11-yttop/pages/p-37e3fb02f56a.md
https://yttop.co.kr/?bmode=view&idx=165396249&t=board,/cases/case-165396249/,map_after_target_approved,not_implemented_requires_old_host,research/2026-09-11-yttop/pages/p-376f67a3f0f5.md
https://yttop.co.kr/?bmode=view&idx=165396187&t=board,/cases/case-165396187/,map_after_target_approved,not_implemented_requires_old_host,research/2026-09-11-yttop/pages/p-bf4b8ce9e595.md
https://yttop.co.kr/?bmode=view&idx=165338735&t=board,/cases/case-165338735/,map_after_target_approved,not_implemented_requires_old_host,research/2026-09-11-yttop/pages/p-f574e4c4e48c.md
https://yttop.co.kr/?bmode=view&idx=165338662&t=board,/cases/case-165338662/,map_after_target_approved,not_implemented_requires_old_host,research/2026-09-11-yttop/pages/p-694dc53221f8.md
https://yttop.co.kr/?bmode=view&idx=165259921&t=board,/cases/case-165259921/,map_after_target_approved,not_implemented_requires_old_host,research/2026-09-11-yttop/pages/p-2d758f29f71a.md
https://yttop.co.kr/?bmode=view&idx=165259783&t=board,/cases/case-165259783/,map_after_target_approved,not_implemented_requires_old_host,research/2026-09-11-yttop/pages/p-bdd6d9213bfc.md
https://yttop.co.kr/?bmode=view&idx=165259713&t=board,/cases/case-165259713/,map_after_target_approved,not_implemented_requires_old_host,research/2026-09-11-yttop/pages/p-1fe0d4fd8d73.md
https://yttop.co.kr/?bmode=view&idx=165204038&t=board,/cases/case-165204038/,map_after_target_approved,not_implemented_requires_old_host,research/2026-09-11-yttop/pages/p-12957f0851d1.md
https://yttop.co.kr/?bmode=view&idx=165203941&t=board,/cases/case-165203941/,map_after_target_approved,not_implemented_requires_old_host,research/2026-09-11-yttop/pages/p-c1311def4946.md
https://yttop.co.kr/?bmode=view&idx=165203625&t=board,/cases/case-165203625/,map_after_target_approved,not_implemented_requires_old_host,research/2026-09-11-yttop/pages/p-ef112d22667a.md
https://yttop.co.kr/?bmode=view&idx=165151140&t=board,/cases/case-165151140/,map_after_target_approved,not_implemented_requires_old_host,research/2026-09-11-yttop/pages/p-59e9a2eeb51b.md
https://yttop.co.kr/?bmode=view&idx=165150795&t=board,/cases/case-165150795/,map_after_target_approved,not_implemented_requires_old_host,research/2026-09-11-yttop/pages/p-bfc164381f03.md
https://yttop.co.kr/?bmode=view&idx=165150549&t=board,/cases/case-165150549/,map_after_target_approved,not_implemented_requires_old_host,research/2026-09-11-yttop/pages/p-f6d0a5cf799f.md
https://yttop.co.kr/?bmode=view&idx=165150420&t=board,/cases/case-165150420/,map_after_target_approved,not_implemented_requires_old_host,research/2026-09-11-yttop/pages/p-b30dbea1075f.md
https://yttop.co.kr/?bmode=view&idx=164673242&t=board,/cases/case-164673242/,map_after_target_approved,not_implemented_requires_old_host,research/2026-09-11-yttop/pages/p-24a4031c98d6.md
https://yttop.co.kr/?bmode=view&idx=164673233&t=board,/cases/case-164673233/,map_after_target_approved,not_implemented_requires_old_host,research/2026-09-11-yttop/pages/p-e17e6de3a6ba.md
https://yttop.co.kr/?bmode=view&idx=164673218&t=board,/cases/case-164673218/,map_after_target_approved,not_implemented_requires_old_host,research/2026-09-11-yttop/pages/p-0c04f7948d0c.md
https://yttop.co.kr/?bmode=view&idx=164673206&t=board,/cases/case-164673206/,map_after_target_approved,not_implemented_requires_old_host,research/2026-09-11-yttop/pages/p-4c47ea4c4176.md
https://yttop.co.kr/?bmode=view&idx=164673131&t=board,/cases/case-164673131/,map_after_target_approved,not_implemented_requires_old_host,research/2026-09-11-yttop/pages/p-dec9ba196bc0.md
https://yttop.co.kr/?bmode=view&idx=164673116&t=board,/cases/case-164673116/,map_after_target_approved,not_implemented_requires_old_host,research/2026-09-11-yttop/pages/p-2657b99ef404.md
https://yttop.co.kr/home/,/,map_after_target_approved,not_implemented_requires_old_host,research/2026-09-11-yttop/pages/p-d96c0364b91b.md
https://yttop.co.kr/home/?bmode=view&idx=165407798&t=board,/cases/case-165407798/,map_after_target_approved,not_implemented_requires_old_host,research/2026-09-11-yttop/pages/p-efc0a90d97df.md
https://yttop.co.kr/home/?bmode=view&idx=165396339&t=board,/cases/case-165396339/,map_after_target_approved,not_implemented_requires_old_host,research/2026-09-11-yttop/pages/p-ed856110abf0.md
https://yttop.co.kr/home/?bmode=view&idx=165396249&t=board,/cases/case-165396249/,map_after_target_approved,not_implemented_requires_old_host,research/2026-09-11-yttop/pages/p-ec810c2f4b87.md
https://yttop.co.kr/home/?bmode=view&idx=165396187&t=board,/cases/case-165396187/,map_after_target_approved,not_implemented_requires_old_host,research/2026-09-11-yttop/pages/p-b560c3c031a6.md
https://yttop.co.kr/home/?bmode=view&idx=165338735&t=board,/cases/case-165338735/,map_after_target_approved,not_implemented_requires_old_host,research/2026-09-11-yttop/pages/p-21c7d3c18b2d.md
https://yttop.co.kr/home/?bmode=view&idx=165338662&t=board,/cases/case-165338662/,map_after_target_approved,not_implemented_requires_old_host,research/2026-09-11-yttop/pages/p-69c89ab94639.md
https://yttop.co.kr/home/?bmode=view&idx=165259921&t=board,/cases/case-165259921/,map_after_target_approved,not_implemented_requires_old_host,research/2026-09-11-yttop/pages/p-c88d3686034a.md
https://yttop.co.kr/home/?bmode=view&idx=165259783&t=board,/cases/case-165259783/,map_after_target_approved,not_implemented_requires_old_host,research/2026-09-11-yttop/pages/p-dd6ef4b88751.md
https://yttop.co.kr/home/?bmode=view&idx=165259713&t=board,/cases/case-165259713/,map_after_target_approved,not_implemented_requires_old_host,research/2026-09-11-yttop/pages/p-c1b88f9e7370.md
https://yttop.co.kr/home/?bmode=view&idx=165204038&t=board,/cases/case-165204038/,map_after_target_approved,not_implemented_requires_old_host,research/2026-09-11-yttop/pages/p-7a4d49b163cd.md
https://yttop.co.kr/home/?bmode=view&idx=165203941&t=board,/cases/case-165203941/,map_after_target_approved,not_implemented_requires_old_host,research/2026-09-11-yttop/pages/p-61bf6341c692.md
https://yttop.co.kr/home/?bmode=view&idx=165203625&t=board,/cases/case-165203625/,map_after_target_approved,not_implemented_requires_old_host,research/2026-09-11-yttop/pages/p-db668e9b720e.md
https://yttop.co.kr/home/?bmode=view&idx=165151140&t=board,/cases/case-165151140/,map_after_target_approved,not_implemented_requires_old_host,research/2026-09-11-yttop/pages/p-435cc811fcab.md
https://yttop.co.kr/home/?bmode=view&idx=165150795&t=board,/cases/case-165150795/,map_after_target_approved,not_implemented_requires_old_host,research/2026-09-11-yttop/pages/p-058dbf37f0d5.md
https://yttop.co.kr/home/?bmode=view&idx=165150549&t=board,/cases/case-165150549/,map_after_target_approved,not_implemented_requires_old_host,research/2026-09-11-yttop/pages/p-d7d96a58ee72.md
https://yttop.co.kr/home/?bmode=view&idx=165150420&t=board,/cases/case-165150420/,map_after_target_approved,not_implemented_requires_old_host,research/2026-09-11-yttop/pages/p-c7bdd91913f7.md
https://yttop.co.kr/home/?bmode=view&idx=164673242&t=board,/cases/case-164673242/,map_after_target_approved,not_implemented_requires_old_host,research/2026-09-11-yttop/pages/p-ea4e443cc6a9.md
https://yttop.co.kr/home/?bmode=view&idx=164673233&t=board,/cases/case-164673233/,map_after_target_approved,not_implemented_requires_old_host,research/2026-09-11-yttop/pages/p-b1750ff4c8c0.md
https://yttop.co.kr/home/?bmode=view&idx=164673218&t=board,/cases/case-164673218/,map_after_target_approved,not_implemented_requires_old_host,research/2026-09-11-yttop/pages/p-d43b452c82ef.md
https://yttop.co.kr/home/?bmode=view&idx=164673206&t=board,/cases/case-164673206/,map_after_target_approved,not_implemented_requires_old_host,research/2026-09-11-yttop/pages/p-0c9913cee3c6.md
https://yttop.co.kr/home/?bmode=view&idx=164673131&t=board,/cases/case-164673131/,map_after_target_approved,not_implemented_requires_old_host,research/2026-09-11-yttop/pages/p-a0d095c5fecf.md
https://yttop.co.kr/home/?bmode=view&idx=164673116&t=board,/cases/case-164673116/,map_after_target_approved,not_implemented_requires_old_host,research/2026-09-11-yttop/pages/p-c99c824c467e.md
https://yttop.co.kr/21/,/cases/,map_after_target_approved,not_implemented_requires_old_host,research/2026-09-11-yttop/pages/p-085ba6447780.md
https://yttop.co.kr/21/?bmode=view&idx=165407798&t=board,/cases/case-165407798/,map_after_target_approved,not_implemented_requires_old_host,research/2026-09-11-yttop/pages/p-c7d99553a3f7.md
https://yttop.co.kr/21/?bmode=view&idx=165396339&t=board,/cases/case-165396339/,map_after_target_approved,not_implemented_requires_old_host,research/2026-09-11-yttop/pages/p-b01357b7f55d.md
https://yttop.co.kr/21/?bmode=view&idx=165396249&t=board,/cases/case-165396249/,map_after_target_approved,not_implemented_requires_old_host,research/2026-09-11-yttop/pages/p-c3bca420a6db.md
https://yttop.co.kr/21/?bmode=view&idx=165396187&t=board,/cases/case-165396187/,map_after_target_approved,not_implemented_requires_old_host,research/2026-09-11-yttop/pages/p-a5ba10f88a8f.md
https://yttop.co.kr/21/?bmode=view&idx=165338735&t=board,/cases/case-165338735/,map_after_target_approved,not_implemented_requires_old_host,research/2026-09-11-yttop/pages/p-4392379aebbe.md
https://yttop.co.kr/21/?bmode=view&idx=165338662&t=board,/cases/case-165338662/,map_after_target_approved,not_implemented_requires_old_host,research/2026-09-11-yttop/pages/p-13570a51a108.md
https://yttop.co.kr/21/?bmode=view&idx=165259921&t=board,/cases/case-165259921/,map_after_target_approved,not_implemented_requires_old_host,research/2026-09-11-yttop/pages/p-9d54bd156b7a.md
https://yttop.co.kr/21/?bmode=view&idx=165259783&t=board,/cases/case-165259783/,map_after_target_approved,not_implemented_requires_old_host,research/2026-09-11-yttop/pages/p-8459cf3ce54a.md
https://yttop.co.kr/21/?bmode=view&idx=165259713&t=board,/cases/case-165259713/,map_after_target_approved,not_implemented_requires_old_host,research/2026-09-11-yttop/pages/p-4d66ddd6eee7.md
https://yttop.co.kr/21/?bmode=view&idx=165204038&t=board,/cases/case-165204038/,map_after_target_approved,not_implemented_requires_old_host,research/2026-09-11-yttop/pages/p-6a7402d90570.md
https://yttop.co.kr/21/?bmode=view&idx=165203941&t=board,/cases/case-165203941/,map_after_target_approved,not_implemented_requires_old_host,research/2026-09-11-yttop/pages/p-c2b1bb3e3cd1.md
https://yttop.co.kr/21/?bmode=view&idx=165203625&t=board,/cases/case-165203625/,map_after_target_approved,not_implemented_requires_old_host,research/2026-09-11-yttop/pages/p-cbfeab771280.md
https://yttop.co.kr/21/?bmode=view&idx=165151140&t=board,/cases/case-165151140/,map_after_target_approved,not_implemented_requires_old_host,research/2026-09-11-yttop/pages/p-626651e1fc00.md
https://yttop.co.kr/21/?bmode=view&idx=165150795&t=board,/cases/case-165150795/,map_after_target_approved,not_implemented_requires_old_host,research/2026-09-11-yttop/pages/p-b319f043e02d.md
https://yttop.co.kr/21/?bmode=view&idx=165150549&t=board,/cases/case-165150549/,map_after_target_approved,not_implemented_requires_old_host,research/2026-09-11-yttop/pages/p-1a00ed8694b4.md
https://yttop.co.kr/21/?bmode=view&idx=165150420&t=board,/cases/case-165150420/,map_after_target_approved,not_implemented_requires_old_host,research/2026-09-11-yttop/pages/p-62fe9ad845cd.md
https://yttop.co.kr/21/?bmode=view&idx=164673242&t=board,/cases/case-164673242/,map_after_target_approved,not_implemented_requires_old_host,research/2026-09-11-yttop/pages/p-dc641f71b6a7.md
https://yttop.co.kr/21/?bmode=view&idx=164673233&t=board,/cases/case-164673233/,map_after_target_approved,not_implemented_requires_old_host,research/2026-09-11-yttop/pages/p-615acae38773.md
https://yttop.co.kr/21/?bmode=view&idx=164673218&t=board,/cases/case-164673218/,map_after_target_approved,not_implemented_requires_old_host,research/2026-09-11-yttop/pages/p-ef7cea431dff.md
https://yttop.co.kr/21/?bmode=view&idx=164673206&t=board,/cases/case-164673206/,map_after_target_approved,not_implemented_requires_old_host,research/2026-09-11-yttop/pages/p-9f391a0aa3f9.md
https://yttop.co.kr/21/?bmode=view&idx=164673131&t=board,/cases/case-164673131/,map_after_target_approved,not_implemented_requires_old_host,research/2026-09-11-yttop/pages/p-3368ced3e327.md
https://yttop.co.kr/21/?bmode=view&idx=164673116&t=board,/cases/case-164673116/,map_after_target_approved,not_implemented_requires_old_host,research/2026-09-11-yttop/pages/p-01efd96da64c.md
https://yttop.co.kr/44/,/notices/,map_after_target_approved,not_implemented_requires_old_host,research/2026-09-11-yttop/pages/p-c8e103c94530.md
https://yttop.co.kr/44/?page=1,/notices/,merge_pagination_into_static_index,not_implemented_requires_old_host,research/2026-09-11-yttop/pages/p-618fcd1cc1ea.md
