id,route,title,template,defaultChecks,stressChecks,defaultDocumentOverflowChecks,defaultClipCandidateChecks,defaultOverlapCandidateChecks,mobileAxeViolations,qaCount,note
"home","/","영통탑내과","home","16","6","0","0","0","0","0","공통 UI 문제는 본문 보고서 참고"
"not-found","/404.html","페이지를 찾을 수 없습니다","not-found","16","6","0","0","0","0","0","공통 UI 문제는 본문 보고서 참고"
"about","/about/","병원 소개","about","16","6","0","0","0","0","0","공통 UI 문제는 본문 보고서 참고"
"cases","/cases/","진단 사례","case-index","16","6","0","0","0","0","0","공통 UI 문제는 본문 보고서 참고"
"case-164673116","/cases/case-164673116/","복수·단백뇨와 대장암 진단 사례","case-detail","16","6","0","0","0","0","0","공통 UI 문제는 본문 보고서 참고"
"case-164673131","/cases/case-164673131/","속쓰림으로 내원한 위암 진단 사례","case-detail","16","6","0","0","0","0","0","공통 UI 문제는 본문 보고서 참고"
"case-164673206","/cases/case-164673206/","갑상선암 증례 — 진단 사례","case-detail","16","6","0","0","0","0","0","공통 UI 문제는 본문 보고서 참고"
"case-164673218","/cases/case-164673218/","수신증 사례 — 진단 사례","case-detail","16","6","0","0","0","0","0","공통 UI 문제는 본문 보고서 참고"
"case-164673233","/cases/case-164673233/","하복부 통증으로 내원하여 시행한 초음파 — 진단 사례","case-detail","16","6","0","0","0","0","0","공통 UI 문제는 본문 보고서 참고"
"case-164673242","/cases/case-164673242/","발열 복통으로 내원한 복막염 환자. — 진단 사례","case-detail","16","6","0","0","0","0","0","공통 UI 문제는 본문 보고서 참고"
"case-165150420","/cases/case-165150420/","복강내 종괴 증례 — 진단 사례","case-detail","16","6","0","0","0","0","0","공통 UI 문제는 본문 보고서 참고"
"case-165150549","/cases/case-165150549/","대장 베체트 증례 — 진단 사례","case-detail","16","6","0","0","0","0","0","공통 UI 문제는 본문 보고서 참고"
"case-165150795","/cases/case-165150795/","폐렴 증례 — 진단 사례","case-detail","16","6","0","0","0","0","0","공통 UI 문제는 본문 보고서 참고"
"case-165151140","/cases/case-165151140/","비후성 심근병증 증례 — 진단 사례","case-detail","16","6","0","0","0","0","0","공통 UI 문제는 본문 보고서 참고"
"case-165203625","/cases/case-165203625/","지속되는 두근거림으로 내원하여 진단된 심실빈맥 — 진단 사례","case-detail","16","6","0","0","0","0","0","공통 UI 문제는 본문 보고서 참고"
"case-165203941","/cases/case-165203941/","두근거림 호흡곤란으로 내원하여 진단된 심방세동 — 진단 사례","case-detail","16","6","0","0","0","0","0","공통 UI 문제는 본문 보고서 참고"
"case-165204038","/cases/case-165204038/","혈변과 대장내시경을 통한 대장암 진단 사례","case-detail","16","6","0","0","0","0","0","공통 UI 문제는 본문 보고서 참고"
"case-165259713","/cases/case-165259713/","생리통으로 오인된 난소종양 — 진단 사례","case-detail","16","6","0","0","0","0","0","공통 UI 문제는 본문 보고서 참고"
"case-165259783","/cases/case-165259783/","식도 점막하 종양 — 진단 사례","case-detail","16","6","0","0","0","0","0","공통 UI 문제는 본문 보고서 참고"
"case-165259921","/cases/case-165259921/","대동맥 판막협착 및 대동맥판막 역류. — 진단 사례","case-detail","16","6","0","0","0","0","0","공통 UI 문제는 본문 보고서 참고"
"case-165338662","/cases/case-165338662/","상,하복부 통증으로 내원한 맹장염 — 진단 사례","case-detail","16","6","0","0","0","0","0","공통 UI 문제는 본문 보고서 참고"
"case-165338735","/cases/case-165338735/","목에 혹이 만져져요. 림프종 진단사례. — 진단 사례","case-detail","16","6","0","0","0","0","0","공통 UI 문제는 본문 보고서 참고"
"case-165396187","/cases/case-165396187/","재발하는 뇌경색으로 내원하여 진단된 심방세동. — 진단 사례","case-detail","16","6","0","0","0","0","0","공통 UI 문제는 본문 보고서 참고"
"case-165396249","/cases/case-165396249/","식도궤양 — 진단 사례","case-detail","16","6","0","0","0","0","0","공통 UI 문제는 본문 보고서 참고"
"case-165396339","/cases/case-165396339/","대동맥판막협착 진단 사례","case-detail","16","6","0","0","0","0","0","공통 UI 문제는 본문 보고서 참고"
"case-165407798","/cases/case-165407798/","대동맥류를 동반한 이엽성 판막증 — 진단 사례","case-detail","16","6","0","0","0","0","0","공통 UI 문제는 본문 보고서 참고"
"case-165407885","/cases/case-165407885/","궤양성대장염 — 진단 사례","case-detail","16","6","0","0","0","0","0","공통 UI 문제는 본문 보고서 참고"
"case-165407958","/cases/case-165407958/","대장용종 절제 사례 — 진단 사례","case-detail","16","6","0","0","0","0","0","공통 UI 문제는 본문 보고서 참고"
"case-167025586","/cases/case-167025586/","심근경색 진단과정 — 진단 사례","case-detail","16","6","0","0","0","0","0","공통 UI 문제는 본문 보고서 참고"
"checkups","/checkups/","건강검진 안내","checkup-index","16","6","0","0","0","0","0","공통 UI 문제는 본문 보고서 참고"
"cancer-screening","/checkups/cancer-screening/","암검진 안내","checkup-detail","16","6","0","0","0","0","3","공통 UI 문제는 본문 보고서 참고"
"drug-screening","/checkups/drug-screening/","마약검사·영문서류","checkup-detail","16","6","0","0","0","0","3","공통 UI 문제는 본문 보고서 참고"
"employment-checkup","/checkups/employment/","채용검진·제출 서류","checkup-detail","16","6","0","0","0","0","3","공통 UI 문제는 본문 보고서 참고"
"national-checkup","/checkups/national/","국가건강검진","checkup-detail","16","6","0","0","0","0","3","공통 UI 문제는 본문 보고서 참고"
"tuberculosis-screening","/checkups/tuberculosis/","기숙사 결핵검진","checkup-detail","16","6","0","0","0","0","3","공통 UI 문제는 본문 보고서 참고"
"visa-checkup","/checkups/visa/","외국인 비자검진","checkup-detail","16","6","0","0","0","0","3","공통 UI 문제는 본문 보고서 참고"
"conditions","/conditions/","내과 진료 안내","condition-index","16","6","0","0","0","0","0","공통 UI 문제는 본문 보고서 참고"
"acute-care","/conditions/acute-care/","급성기질환 진료","condition-detail","16","6","0","0","0","0","3","공통 UI 문제는 본문 보고서 참고"
"chronic-cough","/conditions/chronic-cough/","만성기침 진료","condition-detail","16","6","0","0","0","0","3","공통 UI 문제는 본문 보고서 참고"
"heart-disease","/conditions/heart-disease/","심장질환 진료","condition-detail","16","6","0","0","0","0","3","공통 UI 문제는 본문 보고서 참고"
"content-policy","/content-policy/","의료정보 작성·검수 원칙","policy","16","6","0","0","0","0","0","공통 UI 문제는 본문 보고서 참고"
"doctors","/doctors/","의료진 소개","physician-index","16","6","0","0","0","0","0","공통 UI 문제는 본문 보고서 참고"
"doctor-park-jongseol","/doctors/park-jongseol/","박종설 대표원장","physician-detail","16","6","0","0","0","0","0","공통 UI 문제는 본문 보고서 참고"
"doctor-park-rayoung","/doctors/park-rayoung/","박라영 원장","physician-detail","16","6","0","0","0","0","0","공통 UI 문제는 본문 보고서 참고"
"fees","/fees/","비용·서류 발급 안내","fees","16","6","0","0","0","0","0","공통 UI 문제는 본문 보고서 참고"
"health","/health/","검사·진료 이해하기","article-index","16","6","0","0","0","0","0","공통 UI 문제는 본문 보고서 참고"
"checkup-preparation","/health/checkup-preparation-checklist/","건강검진 전 준비 확인표","article-detail","16","6","0","0","0","0","3","공통 UI 문제는 본문 보고서 참고"
"colonoscopy-preparation","/health/colonoscopy-preparation-questions/","대장내시경 준비 시 확인할 질문","article-detail","16","6","0","0","0","0","3","공통 UI 문제는 본문 보고서 참고"
"heart-test-differences","/health/heart-test-differences/","심전도·심장초음파·홀터검사의 차이","article-detail","16","6","0","0","0","0","3","공통 UI 문제는 본문 보고서 참고"
"palpitations-followup","/health/palpitations-test-followup/","검사 후에도 두근거림이 계속될 때 확인할 점","article-detail","16","6","0","0","0","0","3","공통 UI 문제는 본문 보고서 참고"
"notices","/notices/","공지사항","notice-index","16","6","0","0","0","0","0","공통 UI 문제는 본문 보고서 참고"
"notice-closure-20250624","/notices/closure-2025-06-24/","2025년 6월 24일 오후 휴진 기록","notice-detail","16","6","0","0","0","0","0","공통 UI 문제는 본문 보고서 참고"
"notice-drug-certificate","/notices/drug-certificate/","마약검사 영문서류 발급 안내","notice-detail","16","6","0","0","0","0","0","공통 UI 문제는 본문 보고서 참고"
"notice-mammography","/notices/mammography-equipment/","디지털 유방촬영 장비 도입 안내","notice-detail","16","6","0","0","0","0","0","공통 UI 문제는 본문 보고서 참고"
"notice-pathfast","/notices/pathfast/","심장 표지자 검사 장비 도입 안내","notice-detail","16","6","0","0","0","0","0","공통 UI 문제는 본문 보고서 참고"
"notice-screening-evaluation","/notices/screening-evaluation/","국가검진기관 평가 안내","notice-detail","16","6","0","0","0","0","0","공통 UI 문제는 본문 보고서 참고"
"privacy","/privacy/","개인정보 처리 안내","policy","16","6","0","0","0","0","0","공통 UI 문제는 본문 보고서 참고"
"search","/search/","사이트 검색","search","16","6","0","0","0","0","0","공통 UI 문제는 본문 보고서 참고"
"services","/services/","진료·검사 안내","service-index","16","6","0","0","0","0","0","공통 UI 문제는 본문 보고서 참고"
"cancer-support","/services/cancer-support/","암환자 진료·케어 안내","service-detail","16","6","0","0","0","0","3","공통 UI 문제는 본문 보고서 참고"
"endoscopy","/services/endoscopy/","위·대장내시경 안내","service-hub","16","6","0","0","0","0","0","공통 UI 문제는 본문 보고서 참고"
"colonoscopy","/services/endoscopy/colonoscopy/","대장내시경","service-detail","16","6","0","0","0","0","3","공통 UI 문제는 본문 보고서 참고"
"gastroscopy","/services/endoscopy/gastroscopy/","위내시경","service-detail","16","6","0","0","0","0","3","공통 UI 문제는 본문 보고서 참고"
"heart-index","/services/heart/","심장검사 안내","service-hub","16","6","0","0","0","0","0","공통 UI 문제는 본문 보고서 참고"
"abi","/services/heart/arterial-assessment/","동맥경화도 검사","service-detail","16","6","0","0","0","0","3","공통 UI 문제는 본문 보고서 참고"
"cardiac-markers","/services/heart/cardiac-markers/","심장 표지자 검사","service-detail","16","6","0","0","0","0","3","공통 UI 문제는 본문 보고서 참고"
"carotid","/services/heart/carotid-ultrasound/","경동맥 초음파","service-detail","16","6","0","0","0","0","3","공통 UI 문제는 본문 보고서 참고"
"echocardiography","/services/heart/echocardiography/","심장초음파 검사","service-detail","16","6","0","0","0","0","3","공통 UI 문제는 본문 보고서 참고"
"hrv","/services/heart/heart-rate-variability/","심박 변이도 검사","service-detail","16","6","0","0","0","0","3","공통 UI 문제는 본문 보고서 참고"
"holter","/services/heart/holter/","홀터검사","service-detail","16","6","0","0","0","0","3","공통 UI 문제는 본문 보고서 참고"
"ultrasound-index","/services/ultrasound/","초음파 검사 안내","service-hub","16","6","0","0","0","0","0","공통 UI 문제는 본문 보고서 참고"
"abdominal-ultrasound","/services/ultrasound/abdomen/","상·하복부 초음파","service-detail","16","6","0","0","0","0","3","공통 UI 문제는 본문 보고서 참고"
"bowel-ultrasound","/services/ultrasound/bowel/","소장·대장·맹장 초음파","service-detail","16","6","0","0","0","0","3","공통 UI 문제는 본문 보고서 참고"
"thyroid-ultrasound","/services/ultrasound/thyroid/","갑상선 초음파","service-detail","16","6","0","0","0","0","3","공통 UI 문제는 본문 보고서 참고"
"sitemap","/sitemap/","전체 페이지 안내","sitemap","16","6","0","0","0","0","0","공통 UI 문제는 본문 보고서 참고"
"visit","/visit/","진료시간·오시는 길","visit","16","6","0","0","0","0","0","공통 UI 문제는 본문 보고서 참고"
